iso3,year_month,political_violence_events_preagg
ARG,2018-01-01,1
ARG,2018-02-01,4
ARG,2018-03-01,8
ARG,2018-04-01,6
ARG,2018-05-01,3
ARG,2018-06-01,9
ARG,2018-07-01,7
ARG,2018-08-01,5
ARG,2018-09-01,10
ARG,2018-10-01,16
ARG,2018-11-01,8
ARG,2018-12-01,12
ARG,2019-01-01,11
ARG,2019-02-01,8
ARG,2019-03-01,1
ARG,2019-04-01,4
ARG,2019-05-01,11
ARG,2019-06-01,8
ARG,2019-07-01,5
ARG,2019-08-01,11
ARG,2019-09-01,2
ARG,2019-10-01,6
ARG,2019-11-01,1
ARG,2019-12-01,7
ARG,2020-01-01,7
ARG,2020-02-01,1
ARG,2020-03-01,1
ARG,2020-04-01,11
ARG,2020-05-01,9
ARG,2020-06-01,7
ARG,2020-07-01,9
ARG,2020-08-01,6
ARG,2020-09-01,6
ARG,2020-10-01,8
ARG,2020-11-01,8
ARG,2020-12-01,5
ARG,2021-01-01,2
ARG,2021-02-01,3
ARG,2021-03-01,4
ARG,2021-04-01,7
ARG,2021-05-01,3
ARG,2021-06-01,7
ARG,2021-07-01,4
ARG,2021-08-01,13
ARG,2021-09-01,9
ARG,2021-10-01,9
ARG,2021-11-01,13
ARG,2021-12-01,7
ARG,2022-01-01,7
ARG,2022-02-01,2
ARG,2022-03-01,4
ARG,2022-04-01,5
ARG,2022-05-01,3
ARG,2022-06-01,6
ARG,2022-07-01,6
ARG,2022-08-01,2
ARG,2022-09-01,3
ARG,2022-10-01,8
ARG,2022-11-01,10
ARG,2022-12-01,9
ARG,2023-01-01,10
ARG,2023-02-01,9
ARG,2023-03-01,8
ARG,2023-04-01,8
ARG,2023-05-01,7
ARG,2023-06-01,3
ARG,2023-07-01,2
ARG,2023-08-01,3
ARG,2023-09-01,5
ARG,2023-10-01,2
ARG,2024-04-01,1
ARG,2024-05-01,1
ARG,2024-06-01,1
ARG,2024-09-01,2
ARG,2024-10-01,7
ARG,2024-11-01,1
ARG,2024-12-01,1
BRA,2018-01-01,828
BRA,2018-02-01,765
BRA,2018-03-01,876
BRA,2018-04-01,898
BRA,2018-05-01,648
BRA,2018-06-01,758
BRA,2018-07-01,809
BRA,2018-08-01,1027
BRA,2018-09-01,530
BRA,2018-10-01,651
BRA,2018-11-01,676
BRA,2018-12-01,566
BRA,2019-01-01,858
BRA,2019-02-01,434
BRA,2019-03-01,594
BRA,2019-04-01,487
BRA,2019-05-01,571
BRA,2019-06-01,517
BRA,2019-07-01,586
BRA,2019-08-01,541
BRA,2019-09-01,465
BRA,2019-10-01,558
BRA,2019-11-01,522
BRA,2019-12-01,551
BRA,2020-01-01,770
BRA,2020-02-01,552
BRA,2020-03-01,617
BRA,2020-04-01,619
BRA,2020-05-01,523
BRA,2020-06-01,444
BRA,2020-07-01,519
BRA,2020-08-01,513
BRA,2020-09-01,539
BRA,2020-10-01,637
BRA,2020-11-01,556
BRA,2020-12-01,554
BRA,2021-01-01,641
BRA,2021-02-01,486
BRA,2021-03-01,575
BRA,2021-04-01,583
BRA,2021-05-01,611
BRA,2021-06-01,594
BRA,2021-07-01,570
BRA,2021-08-01,616
BRA,2021-09-01,662
BRA,2021-10-01,705
BRA,2021-11-01,671
BRA,2021-12-01,632
BRA,2022-01-01,665
BRA,2022-02-01,593
BRA,2022-03-01,690
BRA,2022-04-01,736
BRA,2022-05-01,854
BRA,2022-06-01,768
BRA,2022-07-01,881
BRA,2022-08-01,950
BRA,2022-09-01,872
BRA,2022-10-01,869
BRA,2022-11-01,845
BRA,2022-12-01,740
BRA,2023-01-01,823
BRA,2023-02-01,718
BRA,2023-03-01,814
BRA,2023-04-01,727
BRA,2023-05-01,852
BRA,2023-06-01,764
BRA,2023-07-01,854
BRA,2023-08-01,870
BRA,2023-09-01,818
BRA,2023-10-01,807
BRA,2023-11-01,713
BRA,2023-12-01,667
BRA,2024-01-01,767
BRA,2024-02-01,646
BRA,2024-03-01,787
BRA,2024-04-01,716
BRA,2024-05-01,656
BRA,2024-06-01,662
BRA,2024-07-01,682
BRA,2024-08-01,792
BRA,2024-09-01,773
BRA,2024-10-01,795
BRA,2024-11-01,722
BRA,2024-12-01,687
COL,2018-01-01,192
COL,2018-02-01,135
COL,2018-03-01,110
COL,2018-04-01,175
COL,2018-05-01,146
COL,2018-06-01,130
COL,2018-07-01,151
COL,2018-08-01,169
COL,2018-09-01,143
COL,2018-10-01,141
COL,2018-11-01,174
COL,2018-12-01,173
COL,2019-01-01,163
COL,2019-02-01,168
COL,2019-03-01,207
COL,2019-04-01,177
COL,2019-05-01,179
COL,2019-06-01,160
COL,2019-07-01,152
COL,2019-08-01,147
COL,2019-09-01,131
COL,2019-10-01,141
COL,2019-11-01,103
COL,2019-12-01,80
COL,2020-01-01,186
COL,2020-02-01,165
COL,2020-03-01,166
COL,2020-04-01,118
COL,2020-05-01,143
COL,2020-06-01,140
COL,2020-07-01,152
COL,2020-08-01,152
COL,2020-09-01,195
COL,2020-10-01,136
COL,2020-11-01,214
COL,2020-12-01,195
COL,2021-01-01,206
COL,2021-02-01,167
COL,2021-03-01,246
COL,2021-04-01,253
COL,2021-05-01,280
COL,2021-06-01,212
COL,2021-07-01,224
COL,2021-08-01,201
COL,2021-09-01,156
COL,2021-10-01,197
COL,2021-11-01,133
COL,2021-12-01,129
COL,2022-01-01,252
COL,2022-02-01,278
COL,2022-03-01,227
COL,2022-04-01,199
COL,2022-05-01,241
COL,2022-06-01,193
COL,2022-07-01,304
COL,2022-08-01,208
COL,2022-09-01,199
COL,2022-10-01,216
COL,2022-11-01,218
COL,2022-12-01,166
COL,2023-01-01,207
COL,2023-02-01,218
COL,2023-03-01,250
COL,2023-04-01,207
COL,2023-05-01,226
COL,2023-06-01,208
COL,2023-07-01,282
COL,2023-08-01,300
COL,2023-09-01,264
COL,2023-10-01,239
COL,2023-11-01,226
COL,2023-12-01,207
COL,2024-01-01,242
COL,2024-02-01,191
COL,2024-03-01,203
COL,2024-04-01,200
COL,2024-05-01,171
COL,2024-06-01,174
COL,2024-07-01,153
COL,2024-08-01,215
COL,2024-09-01,207
COL,2024-10-01,234
COL,2024-11-01,202
COL,2024-12-01,177
DOM,2018-01-01,4
DOM,2018-02-01,3
DOM,2018-03-01,3
DOM,2018-04-01,2
DOM,2018-05-01,1
DOM,2018-06-01,3
DOM,2018-07-01,2
DOM,2018-08-01,3
DOM,2018-09-01,0
DOM,2018-10-01,8
DOM,2018-11-01,1
DOM,2018-12-01,1
DOM,2019-01-01,1
DOM,2019-02-01,3
DOM,2019-03-01,1
DOM,2019-04-01,1
DOM,2019-05-01,2
DOM,2019-06-01,1
DOM,2019-07-01,1
DOM,2019-08-01,2
DOM,2019-09-01,2
DOM,2019-10-01,0
DOM,2019-11-01,2
DOM,2019-12-01,2
DOM,2020-01-01,1
DOM,2020-02-01,5
DOM,2020-03-01,2
DOM,2020-04-01,1
DOM,2020-05-01,1
DOM,2020-06-01,1
DOM,2020-07-01,1
DOM,2020-08-01,1
DOM,2020-09-01,2
DOM,2020-10-01,1
DOM,2020-11-01,0
DOM,2020-12-01,0
DOM,2021-01-01,0
DOM,2021-02-01,0
DOM,2021-03-01,2
DOM,2021-04-01,1
DOM,2021-05-01,0
DOM,2021-06-01,1
DOM,2021-07-01,0
DOM,2021-08-01,0
DOM,2021-09-01,3
DOM,2021-10-01,0
DOM,2021-11-01,0
DOM,2021-12-01,0
DOM,2022-01-01,4
DOM,2022-02-01,4
DOM,2022-03-01,5
DOM,2022-04-01,5
DOM,2022-05-01,7
DOM,2022-06-01,4
DOM,2022-07-01,4
DOM,2022-08-01,1
DOM,2022-09-01,2
DOM,2022-10-01,5
DOM,2022-11-01,2
DOM,2022-12-01,5
DOM,2023-01-01,2
DOM,2023-02-01,5
DOM,2023-03-01,2
DOM,2023-04-01,3
DOM,2023-05-01,1
DOM,2023-06-01,3
DOM,2023-08-01,3
DOM,2023-09-01,2
DOM,2023-10-01,3
DOM,2023-11-01,2
DOM,2023-12-01,2
DOM,2024-01-01,2
DOM,2024-02-01,3
DOM,2024-03-01,3
DOM,2024-04-01,3
DOM,2024-05-01,2
DOM,2024-06-01,1
DOM,2024-07-01,1
DOM,2024-08-01,3
DOM,2024-09-01,2
DOM,2024-10-01,6
DOM,2024-11-01,4
DOM,2024-12-01,4
ECU,2018-01-01,2
ECU,2018-02-01,1
ECU,2018-03-01,3
ECU,2018-04-01,1
ECU,2018-05-01,1
ECU,2018-06-01,1
ECU,2018-07-01,0
ECU,2018-08-01,1
ECU,2018-09-01,0
ECU,2018-10-01,1
ECU,2018-11-01,1
ECU,2018-12-01,1
ECU,2019-01-01,0
ECU,2019-02-01,1
ECU,2019-03-01,1
ECU,2019-04-01,2
ECU,2019-05-01,3
ECU,2019-06-01,5
ECU,2019-07-01,6
ECU,2019-08-01,4
ECU,2019-09-01,5
ECU,2019-10-01,4
ECU,2019-11-01,1
ECU,2019-12-01,0
ECU,2020-01-01,4
ECU,2020-02-01,1
ECU,2020-03-01,4
ECU,2020-04-01,6
ECU,2020-05-01,1
ECU,2020-06-01,6
ECU,2020-07-01,6
ECU,2020-08-01,1
ECU,2020-09-01,2
ECU,2020-10-01,5
ECU,2020-11-01,2
ECU,2020-12-01,6
ECU,2021-01-01,3
ECU,2021-02-01,3
ECU,2021-03-01,1
ECU,2021-04-01,3
ECU,2021-05-01,2
ECU,2021-06-01,4
ECU,2021-07-01,0
ECU,2021-08-01,4
ECU,2021-09-01,3
ECU,2021-10-01,2
ECU,2021-11-01,2
ECU,2021-12-01,2
ECU,2022-01-01,3
ECU,2022-02-01,2
ECU,2022-03-01,4
ECU,2022-04-01,2
ECU,2022-05-01,10
ECU,2022-06-01,12
ECU,2022-07-01,6
ECU,2022-08-01,9
ECU,2022-09-01,15
ECU,2022-10-01,7
ECU,2022-11-01,6
ECU,2022-12-01,11
ECU,2023-01-01,181
ECU,2023-02-01,208
ECU,2023-03-01,144
ECU,2023-04-01,258
ECU,2023-05-01,236
ECU,2023-06-01,193
ECU,2023-07-01,195
ECU,2023-08-01,212
ECU,2023-09-01,295
ECU,2023-10-01,200
ECU,2023-11-01,239
ECU,2023-12-01,221
ECU,2024-01-01,233
ECU,2024-02-01,139
ECU,2024-03-01,175
ECU,2024-04-01,153
ECU,2024-05-01,248
ECU,2024-06-01,224
ECU,2024-07-01,233
ECU,2024-08-01,243
ECU,2024-09-01,243
ECU,2024-10-01,245
ECU,2024-11-01,216
ECU,2024-12-01,207
EGY,2000-01-01,3
EGY,2000-02-01,0
EGY,2000-03-01,1
EGY,2000-04-01,0
EGY,2000-05-01,0
EGY,2000-06-01,2
EGY,2000-07-01,0
EGY,2000-08-01,0
EGY,2000-09-01,0
EGY,2000-10-01,8
EGY,2000-11-01,10
EGY,2000-12-01,1
EGY,2001-01-01,0
EGY,2001-02-01,2
EGY,2001-03-01,1
EGY,2001-04-01,0
EGY,2001-05-01,0
EGY,2001-06-01,2
EGY,2001-07-01,1
EGY,2001-08-01,0
EGY,2001-09-01,0
EGY,2001-10-01,0
EGY,2001-11-01,0
EGY,2001-12-01,0
EGY,2002-01-01,0
EGY,2002-02-01,2
EGY,2002-03-01,1
EGY,2002-04-01,1
EGY,2002-05-01,0
EGY,2002-06-01,0
EGY,2002-07-01,0
EGY,2002-08-01,1
EGY,2002-09-01,0
EGY,2002-10-01,0
EGY,2002-11-01,0
EGY,2002-12-01,0
EGY,2003-01-01,0
EGY,2003-02-01,0
EGY,2003-03-01,0
EGY,2003-04-01,0
EGY,2003-05-01,0
EGY,2003-06-01,0
EGY,2003-07-01,0
EGY,2003-08-01,0
EGY,2003-09-01,0
EGY,2003-10-01,0
EGY,2003-11-01,0
EGY,2003-12-01,0
EGY,2004-01-01,0
EGY,2004-02-01,0
EGY,2004-03-01,0
EGY,2004-04-01,0
EGY,2004-05-01,0
EGY,2004-06-01,0
EGY,2004-07-01,0
EGY,2004-08-01,0
EGY,2004-09-01,0
EGY,2004-10-01,1
EGY,2004-11-01,0
EGY,2004-12-01,0
EGY,2005-01-01,0
EGY,2005-02-01,1
EGY,2005-03-01,0
EGY,2005-04-01,2
EGY,2005-05-01,0
EGY,2005-06-01,0
EGY,2005-07-01,1
EGY,2005-08-01,0
EGY,2005-09-01,0
EGY,2005-10-01,1
EGY,2005-11-01,2
EGY,2005-12-01,7
EGY,2006-01-01,0
EGY,2006-02-01,0
EGY,2006-03-01,0
EGY,2006-04-01,2
EGY,2006-05-01,0
EGY,2006-06-01,0
EGY,2006-07-01,0
EGY,2006-08-01,0
EGY,2006-09-01,0
EGY,2006-10-01,0
EGY,2006-11-01,0
EGY,2006-12-01,0
EGY,2007-01-01,0
EGY,2007-02-01,0
EGY,2007-03-01,0
EGY,2007-04-01,0
EGY,2007-05-01,1
EGY,2007-06-01,0
EGY,2007-07-01,1
EGY,2007-08-01,0
EGY,2007-09-01,0
EGY,2007-10-01,0
EGY,2007-11-01,0
EGY,2007-12-01,0
EGY,2008-01-01,4
EGY,2008-02-01,1
EGY,2008-03-01,6
EGY,2008-04-01,1
EGY,2008-05-01,3
EGY,2008-06-01,1
EGY,2008-07-01,4
EGY,2008-08-01,3
EGY,2008-09-01,2
EGY,2008-10-01,2
EGY,2008-11-01,9
EGY,2008-12-01,2
EGY,2009-01-01,1
EGY,2009-02-01,2
EGY,2009-03-01,0
EGY,2009-04-01,3
EGY,2009-05-01,4
EGY,2009-06-01,2
EGY,2009-07-01,2
EGY,2009-08-01,0
EGY,2009-09-01,4
EGY,2009-10-01,3
EGY,2009-11-01,3
EGY,2009-12-01,2
EGY,2010-01-01,9
EGY,2010-02-01,8
EGY,2010-03-01,4
EGY,2010-04-01,4
EGY,2010-05-01,5
EGY,2010-06-01,11
EGY,2010-07-01,5
EGY,2010-08-01,2
EGY,2010-09-01,3
EGY,2010-10-01,1
EGY,2010-11-01,4
EGY,2010-12-01,0
EGY,2011-01-01,25
EGY,2011-02-01,36
EGY,2011-03-01,15
EGY,2011-04-01,11
EGY,2011-05-01,12
EGY,2011-06-01,7
EGY,2011-07-01,22
EGY,2011-08-01,19
EGY,2011-09-01,12
EGY,2011-10-01,16
EGY,2011-11-01,31
EGY,2011-12-01,21
EGY,2012-01-01,7
EGY,2012-02-01,6
EGY,2012-03-01,2
EGY,2012-04-01,3
EGY,2012-05-01,8
EGY,2012-06-01,8
EGY,2012-07-01,12
EGY,2012-08-01,20
EGY,2012-09-01,10
EGY,2012-10-01,15
EGY,2012-11-01,22
EGY,2012-12-01,13
EGY,2013-01-01,14
EGY,2013-02-01,27
EGY,2013-03-01,46
EGY,2013-04-01,19
EGY,2013-05-01,20
EGY,2013-06-01,47
EGY,2013-07-01,175
EGY,2013-08-01,138
EGY,2013-09-01,108
EGY,2013-10-01,94
EGY,2013-11-01,78
EGY,2013-12-01,56
EGY,2014-01-01,115
EGY,2014-02-01,57
EGY,2014-03-01,65
EGY,2014-04-01,63
EGY,2014-05-01,44
EGY,2014-06-01,36
EGY,2014-07-01,47
EGY,2014-08-01,63
EGY,2014-09-01,56
EGY,2014-10-01,63
EGY,2014-11-01,70
EGY,2014-12-01,49
EGY,2015-01-01,111
EGY,2015-02-01,77
EGY,2015-03-01,78
EGY,2015-04-01,78
EGY,2015-05-01,95
EGY,2015-06-01,70
EGY,2015-07-01,72
EGY,2015-08-01,49
EGY,2015-09-01,71
EGY,2015-10-01,53
EGY,2015-11-01,38
EGY,2015-12-01,38
EGY,2016-01-01,50
EGY,2016-02-01,47
EGY,2016-03-01,40
EGY,2016-04-01,28
EGY,2016-05-01,52
EGY,2016-06-01,46
EGY,2016-07-01,40
EGY,2016-08-01,28
EGY,2016-09-01,37
EGY,2016-10-01,41
EGY,2016-11-01,40
EGY,2016-12-01,22
EGY,2017-01-01,24
EGY,2017-02-01,37
EGY,2017-03-01,30
EGY,2017-04-01,61
EGY,2017-05-01,44
EGY,2017-06-01,27
EGY,2017-07-01,61
EGY,2017-08-01,25
EGY,2017-09-01,28
EGY,2017-10-01,35
EGY,2017-11-01,30
EGY,2017-12-01,33
EGY,2018-01-01,33
EGY,2018-02-01,35
EGY,2018-03-01,24
EGY,2018-04-01,18
EGY,2018-05-01,18
EGY,2018-06-01,20
EGY,2018-07-01,10
EGY,2018-08-01,22
EGY,2018-09-01,22
EGY,2018-10-01,40
EGY,2018-11-01,54
EGY,2018-12-01,90
EGY,2019-01-01,80
EGY,2019-02-01,33
EGY,2019-03-01,45
EGY,2019-04-01,29
EGY,2019-05-01,50
EGY,2019-06-01,59
EGY,2019-07-01,52
EGY,2019-08-01,41
EGY,2019-09-01,35
EGY,2019-10-01,48
EGY,2019-11-01,28
EGY,2019-12-01,37
EGY,2020-01-01,36
EGY,2020-02-01,50
EGY,2020-03-01,39
EGY,2020-04-01,41
EGY,2020-05-01,69
EGY,2020-06-01,28
EGY,2020-07-01,36
EGY,2020-08-01,62
EGY,2020-09-01,37
EGY,2020-10-01,37
EGY,2020-11-01,34
EGY,2020-12-01,46
EGY,2021-01-01,49
EGY,2021-02-01,30
EGY,2021-03-01,19
EGY,2021-04-01,24
EGY,2021-05-01,16
EGY,2021-06-01,13
EGY,2021-07-01,23
EGY,2021-08-01,22
EGY,2021-09-01,15
EGY,2021-10-01,9
EGY,2021-11-01,18
EGY,2021-12-01,28
EGY,2022-01-01,12
EGY,2022-02-01,16
EGY,2022-03-01,39
EGY,2022-04-01,31
EGY,2022-05-01,9
EGY,2022-06-01,23
EGY,2022-07-01,16
EGY,2022-08-01,27
EGY,2022-09-01,7
EGY,2022-10-01,3
EGY,2022-11-01,5
EGY,2022-12-01,6
EGY,2023-02-01,1
EGY,2023-03-01,3
EGY,2023-04-01,1
EGY,2023-05-01,2
EGY,2023-06-01,2
EGY,2023-07-01,4
EGY,2023-08-01,3
EGY,2023-09-01,1
EGY,2023-10-01,4
EGY,2023-11-01,1
EGY,2023-12-01,1
EGY,2024-01-01,1
EGY,2024-02-01,2
EGY,2024-03-01,3
EGY,2024-04-01,5
EGY,2024-05-01,4
EGY,2024-06-01,1
EGY,2024-07-01,3
EGY,2024-08-01,1
EGY,2024-09-01,3
EGY,2024-10-01,1
EGY,2024-11-01,1
EGY,2024-12-01,4
ETH,2000-01-01,1
ETH,2000-02-01,2
ETH,2000-03-01,4
ETH,2000-04-01,0
ETH,2000-05-01,27
ETH,2000-06-01,22
ETH,2000-07-01,20
ETH,2000-08-01,12
ETH,2000-09-01,1
ETH,2000-10-01,15
ETH,2000-11-01,26
ETH,2000-12-01,5
ETH,2001-01-01,13
ETH,2001-02-01,1
ETH,2001-03-01,6
ETH,2001-04-01,1
ETH,2001-05-01,3
ETH,2001-06-01,3
ETH,2001-07-01,3
ETH,2001-08-01,2
ETH,2001-09-01,4
ETH,2001-10-01,0
ETH,2001-11-01,6
ETH,2001-12-01,0
ETH,2002-01-01,2
ETH,2002-02-01,11
ETH,2002-03-01,16
ETH,2002-04-01,24
ETH,2002-05-01,14
ETH,2002-06-01,32
ETH,2002-07-01,20
ETH,2002-08-01,32
ETH,2002-09-01,10
ETH,2002-10-01,13
ETH,2002-11-01,15
ETH,2002-12-01,31
ETH,2003-01-01,18
ETH,2003-02-01,11
ETH,2003-03-01,0
ETH,2003-04-01,5
ETH,2003-05-01,8
ETH,2003-06-01,1
ETH,2003-07-01,1
ETH,2003-08-01,10
ETH,2003-09-01,7
ETH,2003-10-01,26
ETH,2003-11-01,12
ETH,2003-12-01,16
ETH,2004-01-01,5
ETH,2004-02-01,9
ETH,2004-03-01,7
ETH,2004-04-01,21
ETH,2004-05-01,8
ETH,2004-06-01,16
ETH,2004-07-01,16
ETH,2004-08-01,5
ETH,2004-09-01,3
ETH,2004-10-01,9
ETH,2004-11-01,9
ETH,2004-12-01,5
ETH,2005-01-01,6
ETH,2005-02-01,2
ETH,2005-03-01,4
ETH,2005-04-01,16
ETH,2005-05-01,3
ETH,2005-06-01,13
ETH,2005-07-01,9
ETH,2005-08-01,3
ETH,2005-09-01,7
ETH,2005-10-01,21
ETH,2005-11-01,7
ETH,2005-12-01,4
ETH,2006-01-01,6
ETH,2006-02-01,3
ETH,2006-03-01,7
ETH,2006-04-01,10
ETH,2006-05-01,4
ETH,2006-06-01,2
ETH,2006-07-01,0
ETH,2006-08-01,1
ETH,2006-09-01,6
ETH,2006-10-01,10
ETH,2006-11-01,2
ETH,2006-12-01,2
ETH,2007-01-01,0
ETH,2007-02-01,1
ETH,2007-03-01,0
ETH,2007-04-01,2
ETH,2007-05-01,0
ETH,2007-06-01,5
ETH,2007-07-01,13
ETH,2007-08-01,2
ETH,2007-09-01,2
ETH,2007-10-01,6
ETH,2007-11-01,4
ETH,2007-12-01,4
ETH,2008-01-01,5
ETH,2008-02-01,22
ETH,2008-03-01,8
ETH,2008-04-01,16
ETH,2008-05-01,22
ETH,2008-06-01,2
ETH,2008-07-01,2
ETH,2008-08-01,2
ETH,2008-09-01,4
ETH,2008-10-01,11
ETH,2008-11-01,4
ETH,2008-12-01,13
ETH,2009-01-01,1
ETH,2009-02-01,7
ETH,2009-03-01,6
ETH,2009-04-01,2
ETH,2009-05-01,4
ETH,2009-06-01,8
ETH,2009-07-01,11
ETH,2009-08-01,11
ETH,2009-09-01,12
ETH,2009-10-01,21
ETH,2009-11-01,11
ETH,2009-12-01,1
ETH,2010-01-01,16
ETH,2010-02-01,19
ETH,2010-03-01,16
ETH,2010-04-01,27
ETH,2010-05-01,11
ETH,2010-06-01,4
ETH,2010-07-01,20
ETH,2010-08-01,26
ETH,2010-09-01,13
ETH,2010-10-01,5
ETH,2010-11-01,12
ETH,2010-12-01,7
ETH,2011-01-01,5
ETH,2011-02-01,6
ETH,2011-03-01,6
ETH,2011-04-01,6
ETH,2011-05-01,2
ETH,2011-06-01,3
ETH,2011-07-01,0
ETH,2011-08-01,8
ETH,2011-09-01,26
ETH,2011-10-01,6
ETH,2011-11-01,4
ETH,2011-12-01,6
ETH,2012-01-01,4
ETH,2012-02-01,8
ETH,2012-03-01,5
ETH,2012-04-01,14
ETH,2012-05-01,8
ETH,2012-06-01,10
ETH,2012-07-01,12
ETH,2012-08-01,2
ETH,2012-09-01,5
ETH,2012-10-01,7
ETH,2012-11-01,7
ETH,2012-12-01,37
ETH,2013-01-01,9
ETH,2013-02-01,5
ETH,2013-03-01,4
ETH,2013-04-01,8
ETH,2013-05-01,5
ETH,2013-06-01,2
ETH,2013-07-01,22
ETH,2013-08-01,6
ETH,2013-09-01,5
ETH,2013-10-01,6
ETH,2013-11-01,20
ETH,2013-12-01,19
ETH,2014-01-01,6
ETH,2014-02-01,1
ETH,2014-03-01,2
ETH,2014-04-01,16
ETH,2014-05-01,6
ETH,2014-06-01,13
ETH,2014-07-01,3
ETH,2014-08-01,1
ETH,2014-09-01,6
ETH,2014-10-01,2
ETH,2014-11-01,0
ETH,2014-12-01,3
ETH,2015-01-01,1
ETH,2015-02-01,0
ETH,2015-03-01,0
ETH,2015-04-01,0
ETH,2015-05-01,0
ETH,2015-06-01,4
ETH,2015-07-01,3
ETH,2015-08-01,17
ETH,2015-09-01,12
ETH,2015-10-01,14
ETH,2015-11-01,21
ETH,2015-12-01,119
ETH,2016-01-01,73
ETH,2016-02-01,89
ETH,2016-03-01,53
ETH,2016-04-01,11
ETH,2016-05-01,23
ETH,2016-06-01,25
ETH,2016-07-01,33
ETH,2016-08-01,92
ETH,2016-09-01,39
ETH,2016-10-01,48
ETH,2016-11-01,43
ETH,2016-12-01,22
ETH,2017-01-01,23
ETH,2017-02-01,24
ETH,2017-03-01,29
ETH,2017-04-01,29
ETH,2017-05-01,12
ETH,2017-06-01,16
ETH,2017-07-01,25
ETH,2017-08-01,23
ETH,2017-09-01,37
ETH,2017-10-01,26
ETH,2017-11-01,33
ETH,2017-12-01,32
ETH,2018-01-01,25
ETH,2018-02-01,26
ETH,2018-03-01,48
ETH,2018-04-01,48
ETH,2018-05-01,38
ETH,2018-06-01,70
ETH,2018-07-01,42
ETH,2018-08-01,43
ETH,2018-09-01,34
ETH,2018-10-01,37
ETH,2018-11-01,25
ETH,2018-12-01,47
ETH,2019-01-01,15
ETH,2019-02-01,9
ETH,2019-03-01,8
ETH,2019-04-01,8
ETH,2019-05-01,8
ETH,2019-06-01,9
ETH,2019-07-01,6
ETH,2019-08-01,10
ETH,2019-09-01,12
ETH,2019-10-01,14
ETH,2019-11-01,21
ETH,2019-12-01,13
ETH,2020-01-01,22
ETH,2020-02-01,22
ETH,2020-03-01,19
ETH,2020-04-01,14
ETH,2020-05-01,23
ETH,2020-06-01,25
ETH,2020-07-01,16
ETH,2020-08-01,34
ETH,2020-09-01,16
ETH,2020-10-01,19
ETH,2020-11-01,243
ETH,2020-12-01,169
ETH,2021-01-01,160
ETH,2021-02-01,158
ETH,2021-03-01,164
ETH,2021-04-01,93
ETH,2021-05-01,38
ETH,2021-06-01,63
ETH,2021-07-01,110
ETH,2021-08-01,203
ETH,2021-09-01,127
ETH,2021-10-01,110
ETH,2021-11-01,208
ETH,2021-12-01,133
ETH,2022-01-01,118
ETH,2022-02-01,75
ETH,2022-03-01,95
ETH,2022-04-01,102
ETH,2022-05-01,70
ETH,2022-06-01,123
ETH,2022-07-01,94
ETH,2022-08-01,118
ETH,2022-09-01,145
ETH,2022-10-01,132
ETH,2022-11-01,129
ETH,2022-12-01,78
ETH,2023-01-01,98
ETH,2023-02-01,44
ETH,2023-03-01,51
ETH,2023-04-01,44
ETH,2023-05-01,94
ETH,2023-06-01,85
ETH,2023-07-01,102
ETH,2023-08-01,194
ETH,2023-09-01,185
ETH,2023-10-01,160
ETH,2023-11-01,189
ETH,2023-12-01,151
ETH,2024-01-01,143
ETH,2024-02-01,214
ETH,2024-03-01,227
ETH,2024-04-01,253
ETH,2024-05-01,220
ETH,2024-06-01,227
ETH,2024-07-01,238
ETH,2024-08-01,255
ETH,2024-09-01,165
ETH,2024-10-01,245
ETH,2024-11-01,240
ETH,2024-12-01,148
GHA,2000-01-01,0
GHA,2000-02-01,0
GHA,2000-03-01,0
GHA,2000-04-01,1
GHA,2000-05-01,0
GHA,2000-06-01,0
GHA,2000-07-01,0
GHA,2000-08-01,0
GHA,2000-09-01,0
GHA,2000-10-01,0
GHA,2000-11-01,3
GHA,2000-12-01,4
GHA,2001-01-01,0
GHA,2001-02-01,0
GHA,2001-03-01,1
GHA,2001-04-01,1
GHA,2001-05-01,2
GHA,2001-06-01,0
GHA,2001-07-01,0
GHA,2001-08-01,0
GHA,2001-09-01,0
GHA,2001-10-01,2
GHA,2001-11-01,0
GHA,2001-12-01,1
GHA,2002-01-01,1
GHA,2002-02-01,0
GHA,2002-03-01,5
GHA,2002-04-01,0
GHA,2002-05-01,0
GHA,2002-06-01,1
GHA,2002-07-01,0
GHA,2002-08-01,0
GHA,2002-09-01,0
GHA,2002-10-01,0
GHA,2002-11-01,0
GHA,2002-12-01,0
GHA,2003-01-01,3
GHA,2003-02-01,2
GHA,2003-03-01,1
GHA,2003-04-01,2
GHA,2003-05-01,0
GHA,2003-06-01,0
GHA,2003-07-01,0
GHA,2003-08-01,1
GHA,2003-09-01,1
GHA,2003-10-01,0
GHA,2003-11-01,1
GHA,2003-12-01,0
GHA,2004-01-01,0
GHA,2004-02-01,0
GHA,2004-03-01,0
GHA,2004-04-01,0
GHA,2004-05-01,0
GHA,2004-06-01,0
GHA,2004-07-01,1
GHA,2004-08-01,0
GHA,2004-09-01,0
GHA,2004-10-01,1
GHA,2004-11-01,2
GHA,2004-12-01,2
GHA,2005-01-01,0
GHA,2005-02-01,1
GHA,2005-03-01,1
GHA,2005-04-01,0
GHA,2005-05-01,0
GHA,2005-06-01,0
GHA,2005-07-01,0
GHA,2005-08-01,1
GHA,2005-09-01,0
GHA,2005-10-01,0
GHA,2005-11-01,0
GHA,2005-12-01,0
GHA,2006-01-01,0
GHA,2006-02-01,0
GHA,2006-03-01,0
GHA,2006-04-01,0
GHA,2006-05-01,0
GHA,2006-06-01,0
GHA,2006-07-01,0
GHA,2006-08-01,1
GHA,2006-09-01,0
GHA,2006-10-01,0
GHA,2006-11-01,2
GHA,2006-12-01,0
GHA,2007-01-01,0
GHA,2007-02-01,0
GHA,2007-03-01,0
GHA,2007-04-01,0
GHA,2007-05-01,0
GHA,2007-06-01,0
GHA,2007-07-01,0
GHA,2007-08-01,0
GHA,2007-09-01,3
GHA,2007-10-01,1
GHA,2007-11-01,0
GHA,2007-12-01,1
GHA,2008-01-01,1
GHA,2008-02-01,0
GHA,2008-03-01,1
GHA,2008-04-01,0
GHA,2008-05-01,2
GHA,2008-06-01,2
GHA,2008-07-01,1
GHA,2008-08-01,2
GHA,2008-09-01,0
GHA,2008-10-01,0
GHA,2008-11-01,0
GHA,2008-12-01,2
GHA,2009-01-01,0
GHA,2009-02-01,0
GHA,2009-03-01,1
GHA,2009-04-01,0
GHA,2009-05-01,1
GHA,2009-06-01,1
GHA,2009-07-01,2
GHA,2009-08-01,2
GHA,2009-09-01,5
GHA,2009-10-01,1
GHA,2009-11-01,2
GHA,2009-12-01,2
GHA,2010-01-01,1
GHA,2010-02-01,0
GHA,2010-03-01,1
GHA,2010-04-01,2
GHA,2010-05-01,0
GHA,2010-06-01,1
GHA,2010-07-01,0
GHA,2010-08-01,0
GHA,2010-09-01,2
GHA,2010-10-01,0
GHA,2010-11-01,1
GHA,2010-12-01,0
GHA,2011-01-01,0
GHA,2011-02-01,1
GHA,2011-03-01,0
GHA,2011-04-01,0
GHA,2011-05-01,0
GHA,2011-06-01,0
GHA,2011-07-01,1
GHA,2011-08-01,3
GHA,2011-09-01,0
GHA,2011-10-01,0
GHA,2011-11-01,0
GHA,2011-12-01,0
GHA,2012-01-01,1
GHA,2012-02-01,0
GHA,2012-03-01,1
GHA,2012-04-01,1
GHA,2012-05-01,0
GHA,2012-06-01,8
GHA,2012-07-01,5
GHA,2012-08-01,2
GHA,2012-09-01,0
GHA,2012-10-01,1
GHA,2012-11-01,3
GHA,2012-12-01,5
GHA,2013-01-01,1
GHA,2013-02-01,0
GHA,2013-03-01,6
GHA,2013-04-01,2
GHA,2013-05-01,8
GHA,2013-06-01,5
GHA,2013-07-01,1
GHA,2013-08-01,0
GHA,2013-09-01,0
GHA,2013-10-01,3
GHA,2013-11-01,5
GHA,2013-12-01,1
GHA,2014-01-01,1
GHA,2014-02-01,4
GHA,2014-03-01,3
GHA,2014-04-01,4
GHA,2014-05-01,1
GHA,2014-06-01,2
GHA,2014-07-01,1
GHA,2014-08-01,0
GHA,2014-09-01,2
GHA,2014-10-01,0
GHA,2014-11-01,0
GHA,2014-12-01,3
GHA,2015-01-01,1
GHA,2015-02-01,1
GHA,2015-03-01,2
GHA,2015-04-01,3
GHA,2015-05-01,4
GHA,2015-06-01,1
GHA,2015-07-01,4
GHA,2015-08-01,6
GHA,2015-09-01,1
GHA,2015-10-01,3
GHA,2015-11-01,9
GHA,2015-12-01,5
GHA,2016-01-01,2
GHA,2016-02-01,3
GHA,2016-03-01,2
GHA,2016-04-01,1
GHA,2016-05-01,5
GHA,2016-06-01,3
GHA,2016-07-01,4
GHA,2016-08-01,3
GHA,2016-09-01,2
GHA,2016-10-01,2
GHA,2016-11-01,4
GHA,2016-12-01,8
GHA,2017-01-01,0
GHA,2017-02-01,4
GHA,2017-03-01,6
GHA,2017-04-01,6
GHA,2017-05-01,8
GHA,2017-06-01,3
GHA,2017-07-01,1
GHA,2017-08-01,1
GHA,2017-09-01,2
GHA,2017-10-01,2
GHA,2017-11-01,4
GHA,2017-12-01,5
GHA,2018-01-01,7
GHA,2018-02-01,4
GHA,2018-03-01,1
GHA,2018-04-01,4
GHA,2018-05-01,2
GHA,2018-06-01,1
GHA,2018-07-01,4
GHA,2018-08-01,2
GHA,2018-09-01,9
GHA,2018-10-01,5
GHA,2018-11-01,5
GHA,2018-12-01,9
GHA,2019-01-01,11
GHA,2019-02-01,8
GHA,2019-03-01,10
GHA,2019-04-01,7
GHA,2019-05-01,6
GHA,2019-06-01,13
GHA,2019-07-01,3
GHA,2019-08-01,4
GHA,2019-09-01,2
GHA,2019-10-01,3
GHA,2019-11-01,6
GHA,2019-12-01,4
GHA,2020-01-01,16
GHA,2020-02-01,10
GHA,2020-03-01,10
GHA,2020-04-01,16
GHA,2020-05-01,17
GHA,2020-06-01,14
GHA,2020-07-01,21
GHA,2020-08-01,13
GHA,2020-09-01,11
GHA,2020-10-01,15
GHA,2020-11-01,10
GHA,2020-12-01,23
GHA,2021-01-01,6
GHA,2021-02-01,9
GHA,2021-03-01,7
GHA,2021-04-01,10
GHA,2021-05-01,7
GHA,2021-06-01,7
GHA,2021-07-01,5
GHA,2021-08-01,6
GHA,2021-09-01,4
GHA,2021-10-01,18
GHA,2021-11-01,7
GHA,2021-12-01,15
GHA,2022-01-01,20
GHA,2022-02-01,7
GHA,2022-03-01,10
GHA,2022-04-01,9
GHA,2022-05-01,15
GHA,2022-06-01,10
GHA,2022-07-01,21
GHA,2022-08-01,15
GHA,2022-09-01,16
GHA,2022-10-01,13
GHA,2022-11-01,27
GHA,2022-12-01,12
GHA,2023-01-01,18
GHA,2023-02-01,21
GHA,2023-03-01,16
GHA,2023-04-01,23
GHA,2023-05-01,22
GHA,2023-06-01,11
GHA,2023-07-01,30
GHA,2023-08-01,30
GHA,2023-09-01,14
GHA,2023-10-01,21
GHA,2023-11-01,19
GHA,2023-12-01,19
GHA,2024-01-01,19
GHA,2024-02-01,13
GHA,2024-03-01,19
GHA,2024-04-01,13
GHA,2024-05-01,22
GHA,2024-06-01,33
GHA,2024-07-01,21
GHA,2024-08-01,16
GHA,2024-09-01,20
GHA,2024-10-01,26
GHA,2024-11-01,29
GHA,2024-12-01,55
HUN,2020-01-01,0
HUN,2020-02-01,1
HUN,2020-03-01,0
HUN,2020-04-01,0
HUN,2020-05-01,0
HUN,2020-06-01,0
HUN,2020-07-01,0
HUN,2020-08-01,0
HUN,2020-09-01,0
HUN,2020-10-01,0
HUN,2020-11-01,0
HUN,2020-12-01,1
HUN,2021-01-01,0
HUN,2021-02-01,1
HUN,2021-03-01,0
HUN,2021-04-01,0
HUN,2021-05-01,0
HUN,2021-06-01,2
HUN,2021-07-01,0
HUN,2021-08-01,1
HUN,2021-09-01,4
HUN,2021-10-01,1
HUN,2021-11-01,0
HUN,2021-12-01,0
HUN,2022-03-01,2
HUN,2022-04-01,1
HUN,2023-01-01,1
HUN,2023-02-01,9
HUN,2023-03-01,1
HUN,2023-04-01,1
HUN,2023-06-01,1
HUN,2023-08-01,1
HUN,2024-03-01,1
HUN,2024-06-01,1
IND,2016-01-01,153
IND,2016-02-01,179
IND,2016-03-01,129
IND,2016-04-01,270
IND,2016-05-01,223
IND,2016-06-01,186
IND,2016-07-01,247
IND,2016-08-01,296
IND,2016-09-01,313
IND,2016-10-01,302
IND,2016-11-01,233
IND,2016-12-01,181
IND,2017-01-01,201
IND,2017-02-01,284
IND,2017-03-01,245
IND,2017-04-01,249
IND,2017-05-01,275
IND,2017-06-01,270
IND,2017-07-01,217
IND,2017-08-01,236
IND,2017-09-01,197
IND,2017-10-01,240
IND,2017-11-01,150
IND,2017-12-01,203
IND,2018-01-01,311
IND,2018-02-01,309
IND,2018-03-01,304
IND,2018-04-01,346
IND,2018-05-01,421
IND,2018-06-01,312
IND,2018-07-01,263
IND,2018-08-01,392
IND,2018-09-01,406
IND,2018-10-01,391
IND,2018-11-01,393
IND,2018-12-01,448
IND,2019-01-01,363
IND,2019-02-01,345
IND,2019-03-01,459
IND,2019-04-01,843
IND,2019-05-01,811
IND,2019-06-01,502
IND,2019-07-01,440
IND,2019-08-01,461
IND,2019-09-01,341
IND,2019-10-01,374
IND,2019-11-01,221
IND,2019-12-01,204
IND,2020-01-01,198
IND,2020-02-01,211
IND,2020-03-01,282
IND,2020-04-01,442
IND,2020-05-01,313
IND,2020-06-01,325
IND,2020-07-01,242
IND,2020-08-01,274
IND,2020-09-01,260
IND,2020-10-01,250
IND,2020-11-01,250
IND,2020-12-01,219
IND,2021-01-01,188
IND,2021-02-01,146
IND,2021-03-01,185
IND,2021-04-01,345
IND,2021-05-01,281
IND,2021-06-01,159
IND,2021-07-01,153
IND,2021-08-01,150
IND,2021-09-01,112
IND,2021-10-01,132
IND,2021-11-01,137
IND,2021-12-01,135
IND,2022-01-01,178
IND,2022-02-01,305
IND,2022-03-01,288
IND,2022-04-01,238
IND,2022-05-01,188
IND,2022-06-01,158
IND,2022-07-01,162
IND,2022-08-01,184
IND,2022-09-01,205
IND,2022-10-01,159
IND,2022-11-01,127
IND,2022-12-01,128
IND,2023-01-01,151
IND,2023-02-01,205
IND,2023-03-01,205
IND,2023-04-01,167
IND,2023-05-01,333
IND,2023-06-01,396
IND,2023-07-01,483
IND,2023-08-01,303
IND,2023-09-01,303
IND,2023-10-01,233
IND,2023-11-01,321
IND,2023-12-01,260
IND,2024-01-01,286
IND,2024-02-01,277
IND,2024-03-01,269
IND,2024-04-01,363
IND,2024-05-01,440
IND,2024-06-01,366
IND,2024-07-01,298
IND,2024-08-01,242
IND,2024-09-01,269
IND,2024-10-01,302
IND,2024-11-01,282
IND,2024-12-01,214
IDN,2015-01-01,22
IDN,2015-02-01,11
IDN,2015-03-01,17
IDN,2015-04-01,6
IDN,2015-05-01,21
IDN,2015-06-01,10
IDN,2015-07-01,12
IDN,2015-08-01,14
IDN,2015-09-01,9
IDN,2015-10-01,11
IDN,2015-11-01,11
IDN,2015-12-01,17
IDN,2016-01-01,12
IDN,2016-02-01,10
IDN,2016-03-01,8
IDN,2016-04-01,8
IDN,2016-05-01,16
IDN,2016-06-01,3
IDN,2016-07-01,6
IDN,2016-08-01,14
IDN,2016-09-01,5
IDN,2016-10-01,4
IDN,2016-11-01,4
IDN,2016-12-01,7
IDN,2017-01-01,5
IDN,2017-02-01,2
IDN,2017-03-01,4
IDN,2017-04-01,6
IDN,2017-05-01,18
IDN,2017-06-01,7
IDN,2017-07-01,4
IDN,2017-08-01,8
IDN,2017-09-01,7
IDN,2017-10-01,18
IDN,2017-11-01,12
IDN,2017-12-01,5
IDN,2018-01-01,14
IDN,2018-02-01,8
IDN,2018-03-01,7
IDN,2018-04-01,17
IDN,2018-05-01,18
IDN,2018-06-01,24
IDN,2018-07-01,16
IDN,2018-08-01,11
IDN,2018-09-01,7
IDN,2018-10-01,11
IDN,2018-11-01,10
IDN,2018-12-01,29
IDN,2019-01-01,14
IDN,2019-02-01,18
IDN,2019-03-01,20
IDN,2019-04-01,33
IDN,2019-05-01,21
IDN,2019-06-01,13
IDN,2019-07-01,19
IDN,2019-08-01,26
IDN,2019-09-01,21
IDN,2019-10-01,14
IDN,2019-11-01,19
IDN,2019-12-01,24
IDN,2020-01-01,19
IDN,2020-02-01,20
IDN,2020-03-01,21
IDN,2020-04-01,34
IDN,2020-05-01,31
IDN,2020-06-01,18
IDN,2020-07-01,22
IDN,2020-08-01,28
IDN,2020-09-01,28
IDN,2020-10-01,29
IDN,2020-11-01,14
IDN,2020-12-01,17
IDN,2021-01-01,16
IDN,2021-02-01,28
IDN,2021-03-01,17
IDN,2021-04-01,23
IDN,2021-05-01,38
IDN,2021-06-01,23
IDN,2021-07-01,36
IDN,2021-08-01,27
IDN,2021-09-01,37
IDN,2021-10-01,36
IDN,2021-11-01,23
IDN,2021-12-01,12
IDN,2022-01-01,20
IDN,2022-02-01,15
IDN,2022-03-01,21
IDN,2022-04-01,25
IDN,2022-05-01,22
IDN,2022-06-01,19
IDN,2022-07-01,17
IDN,2022-08-01,14
IDN,2022-09-01,25
IDN,2022-10-01,15
IDN,2022-11-01,21
IDN,2022-12-01,18
IDN,2023-01-01,25
IDN,2023-02-01,22
IDN,2023-03-01,25
IDN,2023-04-01,42
IDN,2023-05-01,28
IDN,2023-06-01,14
IDN,2023-07-01,36
IDN,2023-08-01,42
IDN,2023-09-01,35
IDN,2023-10-01,22
IDN,2023-11-01,24
IDN,2023-12-01,24
IDN,2024-01-01,29
IDN,2024-02-01,66
IDN,2024-03-01,45
IDN,2024-04-01,17
IDN,2024-05-01,37
IDN,2024-06-01,27
IDN,2024-07-01,26
IDN,2024-08-01,33
IDN,2024-09-01,38
IDN,2024-10-01,31
IDN,2024-11-01,62
IDN,2024-12-01,70
JAM,2018-01-01,22
JAM,2018-02-01,19
JAM,2018-03-01,21
JAM,2018-04-01,21
JAM,2018-05-01,11
JAM,2018-06-01,13
JAM,2018-07-01,14
JAM,2018-08-01,21
JAM,2018-09-01,14
JAM,2018-10-01,14
JAM,2018-11-01,12
JAM,2018-12-01,10
JAM,2019-01-01,31
JAM,2019-02-01,25
JAM,2019-03-01,21
JAM,2019-04-01,23
JAM,2019-05-01,21
JAM,2019-06-01,24
JAM,2019-07-01,22
JAM,2019-08-01,18
JAM,2019-09-01,17
JAM,2019-10-01,14
JAM,2019-11-01,22
JAM,2019-12-01,17
JAM,2020-01-01,23
JAM,2020-02-01,23
JAM,2020-03-01,19
JAM,2020-04-01,21
JAM,2020-05-01,18
JAM,2020-06-01,24
JAM,2020-07-01,22
JAM,2020-08-01,11
JAM,2020-09-01,33
JAM,2020-10-01,28
JAM,2020-11-01,15
JAM,2020-12-01,21
JAM,2021-01-01,33
JAM,2021-02-01,23
JAM,2021-03-01,22
JAM,2021-04-01,21
JAM,2021-05-01,18
JAM,2021-06-01,31
JAM,2021-07-01,25
JAM,2021-08-01,19
JAM,2021-09-01,26
JAM,2021-10-01,17
JAM,2021-11-01,18
JAM,2021-12-01,29
JAM,2022-01-01,22
JAM,2022-02-01,23
JAM,2022-03-01,32
JAM,2022-04-01,25
JAM,2022-05-01,36
JAM,2022-06-01,35
JAM,2022-07-01,28
JAM,2022-08-01,45
JAM,2022-09-01,39
JAM,2022-10-01,41
JAM,2022-11-01,28
JAM,2022-12-01,26
JAM,2023-01-01,33
JAM,2023-02-01,32
JAM,2023-03-01,39
JAM,2023-04-01,35
JAM,2023-05-01,34
JAM,2023-06-01,37
JAM,2023-07-01,45
JAM,2023-08-01,36
JAM,2023-09-01,43
JAM,2023-10-01,35
JAM,2023-11-01,27
JAM,2023-12-01,31
JAM,2024-01-01,35
JAM,2024-02-01,27
JAM,2024-03-01,40
JAM,2024-04-01,25
JAM,2024-05-01,42
JAM,2024-06-01,29
JAM,2024-07-01,24
JAM,2024-08-01,27
JAM,2024-09-01,25
JAM,2024-10-01,33
JAM,2024-11-01,19
JAM,2024-12-01,22
JOR,2016-01-01,2
JOR,2016-02-01,2
JOR,2016-03-01,1
JOR,2016-04-01,1
JOR,2016-05-01,0
JOR,2016-06-01,4
JOR,2016-07-01,0
JOR,2016-08-01,0
JOR,2016-09-01,3
JOR,2016-10-01,1
JOR,2016-11-01,2
JOR,2016-12-01,3
JOR,2017-01-01,2
JOR,2017-02-01,1
JOR,2017-03-01,1
JOR,2017-04-01,4
JOR,2017-05-01,6
JOR,2017-06-01,0
JOR,2017-07-01,3
JOR,2017-08-01,1
JOR,2017-09-01,0
JOR,2017-10-01,0
JOR,2017-11-01,0
JOR,2017-12-01,0
JOR,2018-01-01,11
JOR,2018-02-01,9
JOR,2018-03-01,13
JOR,2018-04-01,6
JOR,2018-05-01,19
JOR,2018-06-01,6
JOR,2018-07-01,7
JOR,2018-08-01,5
JOR,2018-09-01,5
JOR,2018-10-01,2
JOR,2018-11-01,9
JOR,2018-12-01,3
JOR,2019-01-01,4
JOR,2019-02-01,4
JOR,2019-03-01,4
JOR,2019-04-01,4
JOR,2019-05-01,3
JOR,2019-06-01,5
JOR,2019-07-01,6
JOR,2019-08-01,4
JOR,2019-09-01,8
JOR,2019-10-01,4
JOR,2019-11-01,5
JOR,2019-12-01,5
JOR,2020-01-01,3
JOR,2020-02-01,6
JOR,2020-03-01,8
JOR,2020-04-01,3
JOR,2020-05-01,3
JOR,2020-06-01,2
JOR,2020-07-01,5
JOR,2020-08-01,5
JOR,2020-09-01,4
JOR,2020-10-01,2
JOR,2020-11-01,5
JOR,2020-12-01,3
JOR,2021-01-01,1
JOR,2021-02-01,3
JOR,2021-03-01,9
JOR,2021-04-01,2
JOR,2021-05-01,2
JOR,2021-06-01,0
JOR,2021-07-01,4
JOR,2021-08-01,4
JOR,2021-09-01,0
JOR,2021-10-01,1
JOR,2021-11-01,2
JOR,2021-12-01,0
JOR,2022-02-01,1
JOR,2022-03-01,2
JOR,2022-05-01,1
JOR,2022-06-01,2
JOR,2022-07-01,7
JOR,2022-08-01,4
JOR,2022-09-01,2
JOR,2022-10-01,5
JOR,2022-11-01,5
JOR,2022-12-01,7
JOR,2023-01-01,2
JOR,2023-03-01,7
JOR,2023-04-01,4
JOR,2023-06-01,3
JOR,2023-07-01,3
JOR,2023-08-01,1
JOR,2023-09-01,2
JOR,2023-10-01,1
JOR,2023-11-01,1
JOR,2024-01-01,1
JOR,2024-05-01,1
JOR,2024-07-01,3
JOR,2024-08-01,1
JOR,2024-09-01,2
KEN,2000-01-01,7
KEN,2000-02-01,11
KEN,2000-03-01,8
KEN,2000-04-01,17
KEN,2000-05-01,12
KEN,2000-06-01,13
KEN,2000-07-01,7
KEN,2000-08-01,23
KEN,2000-09-01,7
KEN,2000-10-01,20
KEN,2000-11-01,12
KEN,2000-12-01,9
KEN,2001-01-01,21
KEN,2001-02-01,12
KEN,2001-03-01,28
KEN,2001-04-01,8
KEN,2001-05-01,9
KEN,2001-06-01,6
KEN,2001-07-01,23
KEN,2001-08-01,6
KEN,2001-09-01,12
KEN,2001-10-01,4
KEN,2001-11-01,10
KEN,2001-12-01,10
KEN,2002-01-01,14
KEN,2002-02-01,8
KEN,2002-03-01,13
KEN,2002-04-01,5
KEN,2002-05-01,8
KEN,2002-06-01,7
KEN,2002-07-01,16
KEN,2002-08-01,6
KEN,2002-09-01,29
KEN,2002-10-01,20
KEN,2002-11-01,20
KEN,2002-12-01,22
KEN,2003-01-01,19
KEN,2003-02-01,8
KEN,2003-03-01,7
KEN,2003-04-01,5
KEN,2003-05-01,4
KEN,2003-06-01,12
KEN,2003-07-01,10
KEN,2003-08-01,6
KEN,2003-09-01,3
KEN,2003-10-01,5
KEN,2003-11-01,8
KEN,2003-12-01,5
KEN,2004-01-01,5
KEN,2004-02-01,8
KEN,2004-03-01,5
KEN,2004-04-01,5
KEN,2004-05-01,2
KEN,2004-06-01,8
KEN,2004-07-01,7
KEN,2004-08-01,6
KEN,2004-09-01,7
KEN,2004-10-01,4
KEN,2004-11-01,5
KEN,2004-12-01,8
KEN,2005-01-01,29
KEN,2005-02-01,9
KEN,2005-03-01,9
KEN,2005-04-01,16
KEN,2005-05-01,11
KEN,2005-06-01,5
KEN,2005-07-01,20
KEN,2005-08-01,3
KEN,2005-09-01,0
KEN,2005-10-01,5
KEN,2005-11-01,8
KEN,2005-12-01,3
KEN,2006-01-01,7
KEN,2006-02-01,4
KEN,2006-03-01,7
KEN,2006-04-01,10
KEN,2006-05-01,9
KEN,2006-06-01,6
KEN,2006-07-01,12
KEN,2006-08-01,11
KEN,2006-09-01,9
KEN,2006-10-01,4
KEN,2006-11-01,12
KEN,2006-12-01,6
KEN,2007-01-01,14
KEN,2007-02-01,4
KEN,2007-03-01,5
KEN,2007-04-01,15
KEN,2007-05-01,25
KEN,2007-06-01,35
KEN,2007-07-01,22
KEN,2007-08-01,19
KEN,2007-09-01,7
KEN,2007-10-01,4
KEN,2007-11-01,37
KEN,2007-12-01,83
KEN,2008-01-01,161
KEN,2008-02-01,7
KEN,2008-03-01,30
KEN,2008-04-01,10
KEN,2008-05-01,9
KEN,2008-06-01,6
KEN,2008-07-01,4
KEN,2008-08-01,10
KEN,2008-09-01,10
KEN,2008-10-01,7
KEN,2008-11-01,10
KEN,2008-12-01,7
KEN,2009-01-01,8
KEN,2009-02-01,2
KEN,2009-03-01,2
KEN,2009-04-01,7
KEN,2009-05-01,3
KEN,2009-06-01,6
KEN,2009-07-01,9
KEN,2009-08-01,11
KEN,2009-09-01,8
KEN,2009-10-01,18
KEN,2009-11-01,10
KEN,2009-12-01,12
KEN,2010-01-01,12
KEN,2010-02-01,8
KEN,2010-03-01,3
KEN,2010-04-01,3
KEN,2010-05-01,5
KEN,2010-06-01,10
KEN,2010-07-01,6
KEN,2010-08-01,4
KEN,2010-09-01,5
KEN,2010-10-01,9
KEN,2010-11-01,12
KEN,2010-12-01,22
KEN,2011-01-01,15
KEN,2011-02-01,18
KEN,2011-03-01,11
KEN,2011-04-01,3
KEN,2011-05-01,10
KEN,2011-06-01,13
KEN,2011-07-01,2
KEN,2011-08-01,1
KEN,2011-09-01,1
KEN,2011-10-01,10
KEN,2011-11-01,13
KEN,2011-12-01,8
KEN,2012-01-01,18
KEN,2012-02-01,28
KEN,2012-03-01,13
KEN,2012-04-01,7
KEN,2012-05-01,13
KEN,2012-06-01,22
KEN,2012-07-01,20
KEN,2012-08-01,21
KEN,2012-09-01,26
KEN,2012-10-01,29
KEN,2012-11-01,25
KEN,2012-12-01,27
KEN,2013-01-01,46
KEN,2013-02-01,38
KEN,2013-03-01,50
KEN,2013-04-01,36
KEN,2013-05-01,35
KEN,2013-06-01,26
KEN,2013-07-01,9
KEN,2013-08-01,32
KEN,2013-09-01,34
KEN,2013-10-01,19
KEN,2013-11-01,23
KEN,2013-12-01,28
KEN,2014-01-01,24
KEN,2014-02-01,15
KEN,2014-03-01,23
KEN,2014-04-01,20
KEN,2014-05-01,17
KEN,2014-06-01,26
KEN,2014-07-01,22
KEN,2014-08-01,22
KEN,2014-09-01,15
KEN,2014-10-01,21
KEN,2014-11-01,21
KEN,2014-12-01,23
KEN,2015-01-01,12
KEN,2015-02-01,16
KEN,2015-03-01,22
KEN,2015-04-01,15
KEN,2015-05-01,13
KEN,2015-06-01,11
KEN,2015-07-01,13
KEN,2015-08-01,11
KEN,2015-09-01,3
KEN,2015-10-01,11
KEN,2015-11-01,7
KEN,2015-12-01,20
KEN,2016-01-01,7
KEN,2016-02-01,6
KEN,2016-03-01,6
KEN,2016-04-01,2
KEN,2016-05-01,8
KEN,2016-06-01,18
KEN,2016-07-01,17
KEN,2016-08-01,18
KEN,2016-09-01,11
KEN,2016-10-01,14
KEN,2016-11-01,14
KEN,2016-12-01,20
KEN,2017-01-01,16
KEN,2017-02-01,28
KEN,2017-03-01,40
KEN,2017-04-01,65
KEN,2017-05-01,51
KEN,2017-06-01,38
KEN,2017-07-01,46
KEN,2017-08-01,74
KEN,2017-09-01,21
KEN,2017-10-01,74
KEN,2017-11-01,24
KEN,2017-12-01,9
KEN,2018-01-01,28
KEN,2018-02-01,29
KEN,2018-03-01,10
KEN,2018-04-01,22
KEN,2018-05-01,27
KEN,2018-06-01,26
KEN,2018-07-01,35
KEN,2018-08-01,25
KEN,2018-09-01,68
KEN,2018-10-01,29
KEN,2018-11-01,45
KEN,2018-12-01,30
KEN,2019-01-01,32
KEN,2019-02-01,16
KEN,2019-03-01,16
KEN,2019-04-01,22
KEN,2019-05-01,20
KEN,2019-06-01,18
KEN,2019-07-01,13
KEN,2019-08-01,11
KEN,2019-09-01,31
KEN,2019-10-01,27
KEN,2019-11-01,23
KEN,2019-12-01,38
KEN,2020-01-01,30
KEN,2020-02-01,24
KEN,2020-03-01,34
KEN,2020-04-01,35
KEN,2020-05-01,36
KEN,2020-06-01,22
KEN,2020-07-01,31
KEN,2020-08-01,20
KEN,2020-09-01,19
KEN,2020-10-01,23
KEN,2020-11-01,27
KEN,2020-12-01,18
KEN,2021-01-01,40
KEN,2021-02-01,10
KEN,2021-03-01,15
KEN,2021-04-01,11
KEN,2021-05-01,31
KEN,2021-06-01,32
KEN,2021-07-01,37
KEN,2021-08-01,29
KEN,2021-09-01,45
KEN,2021-10-01,43
KEN,2021-11-01,44
KEN,2021-12-01,53
KEN,2022-01-01,68
KEN,2022-02-01,79
KEN,2022-03-01,99
KEN,2022-04-01,80
KEN,2022-05-01,68
KEN,2022-06-01,86
KEN,2022-07-01,104
KEN,2022-08-01,108
KEN,2022-09-01,54
KEN,2022-10-01,75
KEN,2022-11-01,101
KEN,2022-12-01,72
KEN,2023-01-01,92
KEN,2023-02-01,91
KEN,2023-03-01,103
KEN,2023-04-01,92
KEN,2023-05-01,93
KEN,2023-06-01,112
KEN,2023-07-01,86
KEN,2023-08-01,90
KEN,2023-09-01,107
KEN,2023-10-01,88
KEN,2023-11-01,76
KEN,2023-12-01,77
KEN,2024-01-01,76
KEN,2024-02-01,90
KEN,2024-03-01,113
KEN,2024-04-01,64
KEN,2024-05-01,85
KEN,2024-06-01,85
KEN,2024-07-01,96
KEN,2024-08-01,87
KEN,2024-09-01,133
KEN,2024-10-01,93
KEN,2024-11-01,88
KEN,2024-12-01,75
LBN,2016-01-01,38
LBN,2016-02-01,27
LBN,2016-03-01,23
LBN,2016-04-01,32
LBN,2016-05-01,28
LBN,2016-06-01,33
LBN,2016-07-01,55
LBN,2016-08-01,36
LBN,2016-09-01,27
LBN,2016-10-01,20
LBN,2016-11-01,24
LBN,2016-12-01,24
LBN,2017-01-01,17
LBN,2017-02-01,19
LBN,2017-03-01,24
LBN,2017-04-01,26
LBN,2017-05-01,19
LBN,2017-06-01,20
LBN,2017-07-01,43
LBN,2017-08-01,38
LBN,2017-09-01,10
LBN,2017-10-01,10
LBN,2017-11-01,11
LBN,2017-12-01,5
LBN,2018-01-01,4
LBN,2018-02-01,12
LBN,2018-03-01,13
LBN,2018-04-01,14
LBN,2018-05-01,21
LBN,2018-06-01,7
LBN,2018-07-01,13
LBN,2018-08-01,5
LBN,2018-09-01,8
LBN,2018-10-01,11
LBN,2018-11-01,5
LBN,2018-12-01,11
LBN,2019-01-01,3
LBN,2019-02-01,7
LBN,2019-03-01,8
LBN,2019-04-01,8
LBN,2019-05-01,11
LBN,2019-06-01,15
LBN,2019-07-01,8
LBN,2019-08-01,9
LBN,2019-09-01,7
LBN,2019-10-01,9
LBN,2019-11-01,13
LBN,2019-12-01,16
LBN,2020-01-01,18
LBN,2020-02-01,9
LBN,2020-03-01,7
LBN,2020-04-01,16
LBN,2020-05-01,26
LBN,2020-06-01,12
LBN,2020-07-01,9
LBN,2020-08-01,26
LBN,2020-09-01,16
LBN,2020-10-01,15
LBN,2020-11-01,17
LBN,2020-12-01,18
LBN,2021-01-01,13
LBN,2021-02-01,14
LBN,2021-03-01,20
LBN,2021-04-01,22
LBN,2021-05-01,32
LBN,2021-06-01,32
LBN,2021-07-01,39
LBN,2021-08-01,48
LBN,2021-09-01,14
LBN,2021-10-01,11
LBN,2021-11-01,6
LBN,2021-12-01,3
LBN,2022-01-01,6
LBN,2022-02-01,4
LBN,2022-03-01,7
LBN,2022-04-01,33
LBN,2022-05-01,58
LBN,2022-06-01,25
LBN,2022-07-01,25
LBN,2022-08-01,14
LBN,2022-09-01,37
LBN,2022-10-01,19
LBN,2022-11-01,17
LBN,2022-12-01,16
LBN,2023-01-01,12
LBN,2023-02-01,15
LBN,2023-03-01,27
LBN,2023-04-01,36
LBN,2023-05-01,22
LBN,2023-06-01,12
LBN,2023-07-01,25
LBN,2023-08-01,25
LBN,2023-09-01,20
LBN,2023-10-01,426
LBN,2023-11-01,659
LBN,2023-12-01,825
LBN,2024-01-01,750
LBN,2024-02-01,877
LBN,2024-03-01,756
LBN,2024-04-01,700
LBN,2024-05-01,663
LBN,2024-06-01,695
LBN,2024-07-01,730
LBN,2024-08-01,796
LBN,2024-09-01,1797
LBN,2024-10-01,3012
LBN,2024-11-01,2453
LBN,2024-12-01,200
MYS,2018-01-01,2
MYS,2018-02-01,2
MYS,2018-03-01,1
MYS,2018-04-01,1
MYS,2018-05-01,2
MYS,2018-06-01,0
MYS,2018-07-01,2
MYS,2018-08-01,2
MYS,2018-09-01,3
MYS,2018-10-01,5
MYS,2018-11-01,2
MYS,2018-12-01,6
MYS,2019-01-01,5
MYS,2019-02-01,4
MYS,2019-03-01,1
MYS,2019-04-01,1
MYS,2019-05-01,2
MYS,2019-06-01,2
MYS,2019-07-01,4
MYS,2019-08-01,3
MYS,2019-09-01,4
MYS,2019-10-01,1
MYS,2019-11-01,3
MYS,2019-12-01,2
MYS,2020-01-01,1
MYS,2020-02-01,1
MYS,2020-03-01,1
MYS,2020-04-01,1
MYS,2020-05-01,0
MYS,2020-06-01,0
MYS,2020-07-01,0
MYS,2020-08-01,1
MYS,2020-09-01,0
MYS,2020-10-01,0
MYS,2020-11-01,1
MYS,2020-12-01,0
MYS,2021-01-01,2
MYS,2021-02-01,0
MYS,2021-03-01,2
MYS,2021-04-01,1
MYS,2021-05-01,3
MYS,2021-06-01,2
MYS,2021-07-01,0
MYS,2021-08-01,1
MYS,2021-09-01,1
MYS,2021-10-01,1
MYS,2021-11-01,1
MYS,2021-12-01,2
MYS,2022-01-01,2
MYS,2022-02-01,1
MYS,2022-03-01,1
MYS,2022-04-01,1
MYS,2022-10-01,1
MYS,2022-11-01,1
MYS,2023-07-01,1
MYS,2024-01-01,1
MYS,2024-03-01,3
MYS,2024-05-01,1
MEX,2018-01-01,646
MEX,2018-02-01,600
MEX,2018-03-01,630
MEX,2018-04-01,574
MEX,2018-05-01,669
MEX,2018-06-01,607
MEX,2018-07-01,702
MEX,2018-08-01,734
MEX,2018-09-01,724
MEX,2018-10-01,840
MEX,2018-11-01,668
MEX,2018-12-01,711
MEX,2019-01-01,758
MEX,2019-02-01,827
MEX,2019-03-01,579
MEX,2019-04-01,643
MEX,2019-05-01,596
MEX,2019-06-01,634
MEX,2019-07-01,635
MEX,2019-08-01,657
MEX,2019-09-01,640
MEX,2019-10-01,678
MEX,2019-11-01,641
MEX,2019-12-01,523
MEX,2020-01-01,630
MEX,2020-02-01,611
MEX,2020-03-01,602
MEX,2020-04-01,621
MEX,2020-05-01,729
MEX,2020-06-01,650
MEX,2020-07-01,631
MEX,2020-08-01,597
MEX,2020-09-01,545
MEX,2020-10-01,487
MEX,2020-11-01,602
MEX,2020-12-01,560
MEX,2021-01-01,652
MEX,2021-02-01,583
MEX,2021-03-01,660
MEX,2021-04-01,655
MEX,2021-05-01,680
MEX,2021-06-01,707
MEX,2021-07-01,624
MEX,2021-08-01,531
MEX,2021-09-01,530
MEX,2021-10-01,597
MEX,2021-11-01,576
MEX,2021-12-01,573
MEX,2022-01-01,615
MEX,2022-02-01,547
MEX,2022-03-01,573
MEX,2022-04-01,560
MEX,2022-05-01,664
MEX,2022-06-01,640
MEX,2022-07-01,570
MEX,2022-08-01,624
MEX,2022-09-01,548
MEX,2022-10-01,651
MEX,2022-11-01,582
MEX,2022-12-01,557
MEX,2023-01-01,624
MEX,2023-02-01,509
MEX,2023-03-01,551
MEX,2023-04-01,554
MEX,2023-05-01,621
MEX,2023-06-01,533
MEX,2023-07-01,634
MEX,2023-08-01,641
MEX,2023-09-01,552
MEX,2023-10-01,536
MEX,2023-11-01,473
MEX,2023-12-01,474
MEX,2024-01-01,502
MEX,2024-02-01,536
MEX,2024-03-01,543
MEX,2024-04-01,628
MEX,2024-05-01,649
MEX,2024-06-01,702
MEX,2024-07-01,704
MEX,2024-08-01,632
MEX,2024-09-01,643
MEX,2024-10-01,782
MEX,2024-11-01,670
MEX,2024-12-01,600
MOZ,2000-01-01,3
MOZ,2000-02-01,0
MOZ,2000-03-01,0
MOZ,2000-04-01,0
MOZ,2000-05-01,0
MOZ,2000-06-01,0
MOZ,2000-07-01,0
MOZ,2000-08-01,0
MOZ,2000-09-01,0
MOZ,2000-10-01,0
MOZ,2000-11-01,2
MOZ,2000-12-01,0
MOZ,2001-01-01,0
MOZ,2001-02-01,0
MOZ,2001-03-01,0
MOZ,2001-04-01,0
MOZ,2001-05-01,0
MOZ,2001-06-01,0
MOZ,2001-07-01,0
MOZ,2001-08-01,0
MOZ,2001-09-01,0
MOZ,2001-10-01,0
MOZ,2001-11-01,0
MOZ,2001-12-01,0
MOZ,2002-01-01,0
MOZ,2002-02-01,0
MOZ,2002-03-01,1
MOZ,2002-04-01,1
MOZ,2002-05-01,0
MOZ,2002-06-01,0
MOZ,2002-07-01,0
MOZ,2002-08-01,0
MOZ,2002-09-01,0
MOZ,2002-10-01,0
MOZ,2002-11-01,0
MOZ,2002-12-01,0
MOZ,2003-01-01,2
MOZ,2003-02-01,1
MOZ,2003-03-01,0
MOZ,2003-04-01,1
MOZ,2003-05-01,2
MOZ,2003-06-01,0
MOZ,2003-07-01,0
MOZ,2003-08-01,1
MOZ,2003-09-01,0
MOZ,2003-10-01,0
MOZ,2003-11-01,4
MOZ,2003-12-01,3
MOZ,2004-01-01,1
MOZ,2004-02-01,1
MOZ,2004-03-01,1
MOZ,2004-04-01,6
MOZ,2004-05-01,0
MOZ,2004-06-01,0
MOZ,2004-07-01,0
MOZ,2004-08-01,1
MOZ,2004-09-01,1
MOZ,2004-10-01,5
MOZ,2004-11-01,6
MOZ,2004-12-01,3
MOZ,2005-01-01,2
MOZ,2005-02-01,1
MOZ,2005-03-01,0
MOZ,2005-04-01,1
MOZ,2005-05-01,2
MOZ,2005-06-01,0
MOZ,2005-07-01,0
MOZ,2005-08-01,1
MOZ,2005-09-01,0
MOZ,2005-10-01,1
MOZ,2005-11-01,0
MOZ,2005-12-01,0
MOZ,2006-01-01,0
MOZ,2006-02-01,0
MOZ,2006-03-01,2
MOZ,2006-04-01,1
MOZ,2006-05-01,0
MOZ,2006-06-01,1
MOZ,2006-07-01,2
MOZ,2006-08-01,0
MOZ,2006-09-01,1
MOZ,2006-10-01,0
MOZ,2006-11-01,0
MOZ,2006-12-01,0
MOZ,2007-01-01,0
MOZ,2007-02-01,0
MOZ,2007-03-01,1
MOZ,2007-04-01,1
MOZ,2007-05-01,0
MOZ,2007-06-01,0
MOZ,2007-07-01,0
MOZ,2007-08-01,2
MOZ,2007-09-01,1
MOZ,2007-10-01,0
MOZ,2007-11-01,2
MOZ,2007-12-01,1
MOZ,2008-01-01,2
MOZ,2008-02-01,0
MOZ,2008-03-01,0
MOZ,2008-04-01,1
MOZ,2008-05-01,0
MOZ,2008-06-01,0
MOZ,2008-07-01,1
MOZ,2008-08-01,0
MOZ,2008-09-01,0
MOZ,2008-10-01,0
MOZ,2008-11-01,4
MOZ,2008-12-01,2
MOZ,2009-01-01,0
MOZ,2009-02-01,0
MOZ,2009-03-01,1
MOZ,2009-04-01,0
MOZ,2009-05-01,0
MOZ,2009-06-01,2
MOZ,2009-07-01,0
MOZ,2009-08-01,3
MOZ,2009-09-01,8
MOZ,2009-10-01,13
MOZ,2009-11-01,2
MOZ,2009-12-01,1
MOZ,2010-01-01,1
MOZ,2010-02-01,2
MOZ,2010-03-01,2
MOZ,2010-04-01,2
MOZ,2010-05-01,2
MOZ,2010-06-01,0
MOZ,2010-07-01,1
MOZ,2010-08-01,2
MOZ,2010-09-01,0
MOZ,2010-10-01,2
MOZ,2010-11-01,0
MOZ,2010-12-01,2
MOZ,2011-01-01,3
MOZ,2011-02-01,2
MOZ,2011-03-01,0
MOZ,2011-04-01,1
MOZ,2011-05-01,0
MOZ,2011-06-01,0
MOZ,2011-07-01,0
MOZ,2011-08-01,0
MOZ,2011-09-01,0
MOZ,2011-10-01,0
MOZ,2011-11-01,1
MOZ,2011-12-01,1
MOZ,2012-01-01,3
MOZ,2012-02-01,1
MOZ,2012-03-01,2
MOZ,2012-04-01,0
MOZ,2012-05-01,0
MOZ,2012-06-01,7
MOZ,2012-07-01,3
MOZ,2012-08-01,1
MOZ,2012-09-01,1
MOZ,2012-10-01,1
MOZ,2012-11-01,0
MOZ,2012-12-01,1
MOZ,2013-01-01,1
MOZ,2013-02-01,0
MOZ,2013-03-01,4
MOZ,2013-04-01,2
MOZ,2013-05-01,1
MOZ,2013-06-01,7
MOZ,2013-07-01,3
MOZ,2013-08-01,0
MOZ,2013-09-01,1
MOZ,2013-10-01,16
MOZ,2013-11-01,25
MOZ,2013-12-01,9
MOZ,2014-01-01,18
MOZ,2014-02-01,11
MOZ,2014-03-01,16
MOZ,2014-04-01,11
MOZ,2014-05-01,6
MOZ,2014-06-01,17
MOZ,2014-07-01,3
MOZ,2014-08-01,1
MOZ,2014-09-01,12
MOZ,2014-10-01,11
MOZ,2014-11-01,0
MOZ,2014-12-01,1
MOZ,2015-01-01,0
MOZ,2015-02-01,1
MOZ,2015-03-01,1
MOZ,2015-04-01,3
MOZ,2015-05-01,0
MOZ,2015-06-01,2
MOZ,2015-07-01,5
MOZ,2015-08-01,1
MOZ,2015-09-01,5
MOZ,2015-10-01,3
MOZ,2015-11-01,0
MOZ,2015-12-01,1
MOZ,2016-01-01,3
MOZ,2016-02-01,12
MOZ,2016-03-01,4
MOZ,2016-04-01,11
MOZ,2016-05-01,10
MOZ,2016-06-01,5
MOZ,2016-07-01,6
MOZ,2016-08-01,10
MOZ,2016-09-01,11
MOZ,2016-10-01,13
MOZ,2016-11-01,1
MOZ,2016-12-01,11
MOZ,2017-01-01,11
MOZ,2017-02-01,7
MOZ,2017-03-01,7
MOZ,2017-04-01,5
MOZ,2017-05-01,7
MOZ,2017-06-01,7
MOZ,2017-07-01,5
MOZ,2017-08-01,5
MOZ,2017-09-01,3
MOZ,2017-10-01,17
MOZ,2017-11-01,9
MOZ,2017-12-01,4
MOZ,2018-01-01,7
MOZ,2018-02-01,2
MOZ,2018-03-01,5
MOZ,2018-04-01,4
MOZ,2018-05-01,9
MOZ,2018-06-01,15
MOZ,2018-07-01,8
MOZ,2018-08-01,7
MOZ,2018-09-01,10
MOZ,2018-10-01,13
MOZ,2018-11-01,9
MOZ,2018-12-01,17
MOZ,2019-01-01,14
MOZ,2019-02-01,12
MOZ,2019-03-01,11
MOZ,2019-04-01,9
MOZ,2019-05-01,26
MOZ,2019-06-01,12
MOZ,2019-07-01,25
MOZ,2019-08-01,30
MOZ,2019-09-01,54
MOZ,2019-10-01,40
MOZ,2019-11-01,43
MOZ,2019-12-01,28
MOZ,2020-01-01,30
MOZ,2020-02-01,39
MOZ,2020-03-01,34
MOZ,2020-04-01,48
MOZ,2020-05-01,60
MOZ,2020-06-01,59
MOZ,2020-07-01,44
MOZ,2020-08-01,43
MOZ,2020-09-01,62
MOZ,2020-10-01,56
MOZ,2020-11-01,43
MOZ,2020-12-01,33
MOZ,2021-01-01,27
MOZ,2021-02-01,28
MOZ,2021-03-01,39
MOZ,2021-04-01,23
MOZ,2021-05-01,29
MOZ,2021-06-01,26
MOZ,2021-07-01,54
MOZ,2021-08-01,35
MOZ,2021-09-01,37
MOZ,2021-10-01,26
MOZ,2021-11-01,51
MOZ,2021-12-01,34
MOZ,2022-01-01,48
MOZ,2022-02-01,39
MOZ,2022-03-01,29
MOZ,2022-04-01,18
MOZ,2022-05-01,44
MOZ,2022-06-01,65
MOZ,2022-07-01,37
MOZ,2022-08-01,60
MOZ,2022-09-01,43
MOZ,2022-10-01,40
MOZ,2022-11-01,41
MOZ,2022-12-01,32
MOZ,2023-01-01,26
MOZ,2023-02-01,22
MOZ,2023-03-01,19
MOZ,2023-04-01,5
MOZ,2023-05-01,22
MOZ,2023-06-01,12
MOZ,2023-07-01,18
MOZ,2023-08-01,9
MOZ,2023-09-01,23
MOZ,2023-10-01,35
MOZ,2023-11-01,17
MOZ,2023-12-01,23
MOZ,2024-01-01,34
MOZ,2024-02-01,35
MOZ,2024-03-01,13
MOZ,2024-04-01,30
MOZ,2024-05-01,37
MOZ,2024-06-01,21
MOZ,2024-07-01,34
MOZ,2024-08-01,29
MOZ,2024-09-01,33
MOZ,2024-10-01,41
MOZ,2024-11-01,54
MOZ,2024-12-01,47
NGA,2000-01-01,6
NGA,2000-02-01,13
NGA,2000-03-01,29
NGA,2000-04-01,10
NGA,2000-05-01,25
NGA,2000-06-01,9
NGA,2000-07-01,8
NGA,2000-08-01,11
NGA,2000-09-01,4
NGA,2000-10-01,13
NGA,2000-11-01,12
NGA,2000-12-01,2
NGA,2001-01-01,5
NGA,2001-02-01,7
NGA,2001-03-01,2
NGA,2001-04-01,12
NGA,2001-05-01,10
NGA,2001-06-01,4
NGA,2001-07-01,7
NGA,2001-08-01,12
NGA,2001-09-01,17
NGA,2001-10-01,14
NGA,2001-11-01,7
NGA,2001-12-01,11
NGA,2002-01-01,8
NGA,2002-02-01,17
NGA,2002-03-01,9
NGA,2002-04-01,4
NGA,2002-05-01,11
NGA,2002-06-01,19
NGA,2002-07-01,18
NGA,2002-08-01,9
NGA,2002-09-01,14
NGA,2002-10-01,11
NGA,2002-11-01,10
NGA,2002-12-01,9
NGA,2003-01-01,18
NGA,2003-02-01,20
NGA,2003-03-01,32
NGA,2003-04-01,12
NGA,2003-05-01,18
NGA,2003-06-01,10
NGA,2003-07-01,17
NGA,2003-08-01,15
NGA,2003-09-01,6
NGA,2003-10-01,8
NGA,2003-11-01,11
NGA,2003-12-01,16
NGA,2004-01-01,18
NGA,2004-02-01,13
NGA,2004-03-01,30
NGA,2004-04-01,32
NGA,2004-05-01,19
NGA,2004-06-01,11
NGA,2004-07-01,10
NGA,2004-08-01,16
NGA,2004-09-01,18
NGA,2004-10-01,10
NGA,2004-11-01,16
NGA,2004-12-01,9
NGA,2005-01-01,7
NGA,2005-02-01,15
NGA,2005-03-01,7
NGA,2005-04-01,11
NGA,2005-05-01,17
NGA,2005-06-01,10
NGA,2005-07-01,11
NGA,2005-08-01,6
NGA,2005-09-01,8
NGA,2005-10-01,10
NGA,2005-11-01,5
NGA,2005-12-01,7
NGA,2006-01-01,9
NGA,2006-02-01,15
NGA,2006-03-01,10
NGA,2006-04-01,6
NGA,2006-05-01,6
NGA,2006-06-01,8
NGA,2006-07-01,12
NGA,2006-08-01,12
NGA,2006-09-01,4
NGA,2006-10-01,6
NGA,2006-11-01,9
NGA,2006-12-01,11
NGA,2007-01-01,24
NGA,2007-02-01,14
NGA,2007-03-01,15
NGA,2007-04-01,21
NGA,2007-05-01,18
NGA,2007-06-01,17
NGA,2007-07-01,19
NGA,2007-08-01,7
NGA,2007-09-01,14
NGA,2007-10-01,12
NGA,2007-11-01,10
NGA,2007-12-01,13
NGA,2008-01-01,11
NGA,2008-02-01,12
NGA,2008-03-01,12
NGA,2008-04-01,14
NGA,2008-05-01,12
NGA,2008-06-01,15
NGA,2008-07-01,14
NGA,2008-08-01,24
NGA,2008-09-01,16
NGA,2008-10-01,15
NGA,2008-11-01,17
NGA,2008-12-01,15
NGA,2009-01-01,8
NGA,2009-02-01,14
NGA,2009-03-01,14
NGA,2009-04-01,11
NGA,2009-05-01,25
NGA,2009-06-01,16
NGA,2009-07-01,29
NGA,2009-08-01,3
NGA,2009-09-01,15
NGA,2009-10-01,5
NGA,2009-11-01,11
NGA,2009-12-01,12
NGA,2010-01-01,62
NGA,2010-02-01,34
NGA,2010-03-01,51
NGA,2010-04-01,45
NGA,2010-05-01,23
NGA,2010-06-01,18
NGA,2010-07-01,15
NGA,2010-08-01,17
NGA,2010-09-01,9
NGA,2010-10-01,14
NGA,2010-11-01,13
NGA,2010-12-01,28
NGA,2011-01-01,38
NGA,2011-02-01,20
NGA,2011-03-01,20
NGA,2011-04-01,58
NGA,2011-05-01,23
NGA,2011-06-01,15
NGA,2011-07-01,15
NGA,2011-08-01,22
NGA,2011-09-01,15
NGA,2011-10-01,17
NGA,2011-11-01,19
NGA,2011-12-01,21
NGA,2012-01-01,46
NGA,2012-02-01,41
NGA,2012-03-01,46
NGA,2012-04-01,60
NGA,2012-05-01,44
NGA,2012-06-01,71
NGA,2012-07-01,57
NGA,2012-08-01,53
NGA,2012-09-01,52
NGA,2012-10-01,75
NGA,2012-11-01,74
NGA,2012-12-01,72
NGA,2013-01-01,53
NGA,2013-02-01,54
NGA,2013-03-01,84
NGA,2013-04-01,72
NGA,2013-05-01,55
NGA,2013-06-01,47
NGA,2013-07-01,56
NGA,2013-08-01,61
NGA,2013-09-01,89
NGA,2013-10-01,56
NGA,2013-11-01,66
NGA,2013-12-01,46
NGA,2014-01-01,70
NGA,2014-02-01,67
NGA,2014-03-01,82
NGA,2014-04-01,76
NGA,2014-05-01,89
NGA,2014-06-01,105
NGA,2014-07-01,94
NGA,2014-08-01,78
NGA,2014-09-01,79
NGA,2014-10-01,71
NGA,2014-11-01,68
NGA,2014-12-01,80
NGA,2015-01-01,94
NGA,2015-02-01,139
NGA,2015-03-01,135
NGA,2015-04-01,117
NGA,2015-05-01,77
NGA,2015-06-01,51
NGA,2015-07-01,76
NGA,2015-08-01,60
NGA,2015-09-01,48
NGA,2015-10-01,50
NGA,2015-11-01,47
NGA,2015-12-01,61
NGA,2016-01-01,57
NGA,2016-02-01,56
NGA,2016-03-01,93
NGA,2016-04-01,88
NGA,2016-05-01,72
NGA,2016-06-01,73
NGA,2016-07-01,74
NGA,2016-08-01,43
NGA,2016-09-01,59
NGA,2016-10-01,50
NGA,2016-11-01,71
NGA,2016-12-01,56
NGA,2017-01-01,129
NGA,2017-02-01,84
NGA,2017-03-01,76
NGA,2017-04-01,66
NGA,2017-05-01,70
NGA,2017-06-01,56
NGA,2017-07-01,56
NGA,2017-08-01,76
NGA,2017-09-01,80
NGA,2017-10-01,79
NGA,2017-11-01,89
NGA,2017-12-01,91
NGA,2018-01-01,165
NGA,2018-02-01,108
NGA,2018-03-01,94
NGA,2018-04-01,151
NGA,2018-05-01,144
NGA,2018-06-01,148
NGA,2018-07-01,119
NGA,2018-08-01,102
NGA,2018-09-01,83
NGA,2018-10-01,83
NGA,2018-11-01,90
NGA,2018-12-01,115
NGA,2019-01-01,129
NGA,2019-02-01,206
NGA,2019-03-01,160
NGA,2019-04-01,145
NGA,2019-05-01,121
NGA,2019-06-01,158
NGA,2019-07-01,119
NGA,2019-08-01,97
NGA,2019-09-01,98
NGA,2019-10-01,111
NGA,2019-11-01,131
NGA,2019-12-01,159
NGA,2020-01-01,206
NGA,2020-02-01,160
NGA,2020-03-01,177
NGA,2020-04-01,242
NGA,2020-05-01,304
NGA,2020-06-01,300
NGA,2020-07-01,254
NGA,2020-08-01,200
NGA,2020-09-01,226
NGA,2020-10-01,246
NGA,2020-11-01,276
NGA,2020-12-01,263
NGA,2021-01-01,335
NGA,2021-02-01,307
NGA,2021-03-01,319
NGA,2021-04-01,324
NGA,2021-05-01,324
NGA,2021-06-01,287
NGA,2021-07-01,291
NGA,2021-08-01,295
NGA,2021-09-01,262
NGA,2021-10-01,272
NGA,2021-11-01,259
NGA,2021-12-01,253
NGA,2022-01-01,353
NGA,2022-02-01,332
NGA,2022-03-01,334
NGA,2022-04-01,318
NGA,2022-05-01,275
NGA,2022-06-01,299
NGA,2022-07-01,293
NGA,2022-08-01,286
NGA,2022-09-01,278
NGA,2022-10-01,298
NGA,2022-11-01,314
NGA,2022-12-01,350
NGA,2023-01-01,330
NGA,2023-02-01,260
NGA,2023-03-01,297
NGA,2023-04-01,267
NGA,2023-05-01,260
NGA,2023-06-01,277
NGA,2023-07-01,305
NGA,2023-08-01,295
NGA,2023-09-01,272
NGA,2023-10-01,324
NGA,2023-11-01,325
NGA,2023-12-01,337
NGA,2024-01-01,349
NGA,2024-02-01,336
NGA,2024-03-01,371
NGA,2024-04-01,356
NGA,2024-05-01,404
NGA,2024-06-01,344
NGA,2024-07-01,358
NGA,2024-08-01,443
NGA,2024-09-01,285
NGA,2024-10-01,296
NGA,2024-11-01,421
NGA,2024-12-01,437
PAK,2010-01-01,180
PAK,2010-02-01,179
PAK,2010-03-01,286
PAK,2010-04-01,247
PAK,2010-05-01,114
PAK,2010-06-01,118
PAK,2010-07-01,98
PAK,2010-08-01,87
PAK,2010-09-01,122
PAK,2010-10-01,136
PAK,2010-11-01,87
PAK,2010-12-01,115
PAK,2011-01-01,100
PAK,2011-02-01,130
PAK,2011-03-01,168
PAK,2011-04-01,162
PAK,2011-05-01,76
PAK,2011-06-01,127
PAK,2011-07-01,88
PAK,2011-08-01,79
PAK,2011-09-01,52
PAK,2011-10-01,69
PAK,2011-11-01,59
PAK,2011-12-01,128
PAK,2012-01-01,170
PAK,2012-02-01,204
PAK,2012-03-01,208
PAK,2012-04-01,148
PAK,2012-05-01,199
PAK,2012-06-01,230
PAK,2012-07-01,177
PAK,2012-08-01,213
PAK,2012-09-01,100
PAK,2012-10-01,127
PAK,2012-11-01,218
PAK,2012-12-01,140
PAK,2013-01-01,213
PAK,2013-02-01,133
PAK,2013-03-01,139
PAK,2013-04-01,115
PAK,2013-05-01,216
PAK,2013-06-01,142
PAK,2013-07-01,128
PAK,2013-08-01,151
PAK,2013-09-01,155
PAK,2013-10-01,98
PAK,2013-11-01,122
PAK,2013-12-01,108
PAK,2014-01-01,121
PAK,2014-02-01,106
PAK,2014-03-01,95
PAK,2014-04-01,165
PAK,2014-05-01,147
PAK,2014-06-01,260
PAK,2014-07-01,77
PAK,2014-08-01,185
PAK,2014-09-01,156
PAK,2014-10-01,165
PAK,2014-11-01,119
PAK,2014-12-01,101
PAK,2015-01-01,133
PAK,2015-02-01,137
PAK,2015-03-01,132
PAK,2015-04-01,160
PAK,2015-05-01,263
PAK,2015-06-01,113
PAK,2015-07-01,83
PAK,2015-08-01,107
PAK,2015-09-01,95
PAK,2015-10-01,100
PAK,2015-11-01,116
PAK,2015-12-01,90
PAK,2016-01-01,82
PAK,2016-02-01,85
PAK,2016-03-01,87
PAK,2016-04-01,74
PAK,2016-05-01,86
PAK,2016-06-01,90
PAK,2016-07-01,80
PAK,2016-08-01,67
PAK,2016-09-01,81
PAK,2016-10-01,86
PAK,2016-11-01,94
PAK,2016-12-01,54
PAK,2017-01-01,70
PAK,2017-02-01,109
PAK,2017-03-01,100
PAK,2017-04-01,57
PAK,2017-05-01,85
PAK,2017-06-01,43
PAK,2017-07-01,69
PAK,2017-08-01,60
PAK,2017-09-01,50
PAK,2017-10-01,59
PAK,2017-11-01,46
PAK,2017-12-01,39
PAK,2018-01-01,62
PAK,2018-02-01,34
PAK,2018-03-01,47
PAK,2018-04-01,50
PAK,2018-05-01,68
PAK,2018-06-01,84
PAK,2018-07-01,164
PAK,2018-08-01,99
PAK,2018-09-01,81
PAK,2018-10-01,125
PAK,2018-11-01,77
PAK,2018-12-01,87
PAK,2019-01-01,107
PAK,2019-02-01,66
PAK,2019-03-01,101
PAK,2019-04-01,108
PAK,2019-05-01,123
PAK,2019-06-01,118
PAK,2019-07-01,110
PAK,2019-08-01,100
PAK,2019-09-01,92
PAK,2019-10-01,87
PAK,2019-11-01,78
PAK,2019-12-01,66
PAK,2020-01-01,37
PAK,2020-02-01,49
PAK,2020-03-01,40
PAK,2020-04-01,57
PAK,2020-05-01,53
PAK,2020-06-01,48
PAK,2020-07-01,74
PAK,2020-08-01,55
PAK,2020-09-01,57
PAK,2020-10-01,47
PAK,2020-11-01,60
PAK,2020-12-01,53
PAK,2021-01-01,52
PAK,2021-02-01,78
PAK,2021-03-01,84
PAK,2021-04-01,80
PAK,2021-05-01,94
PAK,2021-06-01,103
PAK,2021-07-01,76
PAK,2021-08-01,104
PAK,2021-09-01,84
PAK,2021-10-01,69
PAK,2021-11-01,72
PAK,2021-12-01,75
PAK,2022-01-01,123
PAK,2022-02-01,140
PAK,2022-03-01,118
PAK,2022-04-01,127
PAK,2022-05-01,128
PAK,2022-06-01,134
PAK,2022-07-01,175
PAK,2022-08-01,125
PAK,2022-09-01,140
PAK,2022-10-01,154
PAK,2022-11-01,109
PAK,2022-12-01,150
PAK,2023-01-01,141
PAK,2023-02-01,157
PAK,2023-03-01,138
PAK,2023-04-01,148
PAK,2023-05-01,145
PAK,2023-06-01,138
PAK,2023-07-01,182
PAK,2023-08-01,248
PAK,2023-09-01,204
PAK,2023-10-01,182
PAK,2023-11-01,180
PAK,2023-12-01,148
PAK,2024-01-01,209
PAK,2024-02-01,304
PAK,2024-03-01,139
PAK,2024-04-01,201
PAK,2024-05-01,213
PAK,2024-06-01,190
PAK,2024-07-01,213
PAK,2024-08-01,220
PAK,2024-09-01,215
PAK,2024-10-01,221
PAK,2024-11-01,245
PAK,2024-12-01,204
PER,2018-01-01,2
PER,2018-02-01,4
PER,2018-03-01,1
PER,2018-04-01,1
PER,2018-05-01,3
PER,2018-06-01,3
PER,2018-07-01,3
PER,2018-08-01,7
PER,2018-09-01,6
PER,2018-10-01,6
PER,2018-11-01,2
PER,2018-12-01,0
PER,2019-01-01,5
PER,2019-02-01,0
PER,2019-03-01,2
PER,2019-04-01,8
PER,2019-05-01,8
PER,2019-06-01,7
PER,2019-07-01,8
PER,2019-08-01,16
PER,2019-09-01,14
PER,2019-10-01,15
PER,2019-11-01,9
PER,2019-12-01,14
PER,2020-01-01,10
PER,2020-02-01,13
PER,2020-03-01,16
PER,2020-04-01,16
PER,2020-05-01,6
PER,2020-06-01,10
PER,2020-07-01,8
PER,2020-08-01,10
PER,2020-09-01,22
PER,2020-10-01,15
PER,2020-11-01,21
PER,2020-12-01,18
PER,2021-01-01,11
PER,2021-02-01,14
PER,2021-03-01,15
PER,2021-04-01,7
PER,2021-05-01,20
PER,2021-06-01,7
PER,2021-07-01,7
PER,2021-08-01,8
PER,2021-09-01,13
PER,2021-10-01,11
PER,2021-11-01,5
PER,2021-12-01,16
PER,2022-01-01,7
PER,2022-02-01,16
PER,2022-03-01,7
PER,2022-04-01,12
PER,2022-05-01,21
PER,2022-06-01,13
PER,2022-07-01,7
PER,2022-08-01,8
PER,2022-09-01,15
PER,2022-10-01,10
PER,2022-11-01,10
PER,2022-12-01,6
PER,2023-01-01,9
PER,2023-02-01,8
PER,2023-03-01,5
PER,2023-04-01,16
PER,2023-05-01,11
PER,2023-06-01,9
PER,2023-07-01,10
PER,2023-08-01,10
PER,2023-09-01,19
PER,2023-10-01,15
PER,2023-11-01,15
PER,2023-12-01,12
PER,2024-01-01,11
PER,2024-02-01,7
PER,2024-03-01,22
PER,2024-04-01,21
PER,2024-05-01,21
PER,2024-06-01,20
PER,2024-07-01,27
PER,2024-08-01,21
PER,2024-09-01,18
PER,2024-10-01,15
PER,2024-11-01,26
PER,2024-12-01,28
PHL,2016-01-01,62
PHL,2016-02-01,95
PHL,2016-03-01,68
PHL,2016-04-01,96
PHL,2016-05-01,91
PHL,2016-06-01,98
PHL,2016-07-01,714
PHL,2016-08-01,523
PHL,2016-09-01,455
PHL,2016-10-01,339
PHL,2016-11-01,337
PHL,2016-12-01,222
PHL,2017-01-01,242
PHL,2017-02-01,169
PHL,2017-03-01,209
PHL,2017-04-01,207
PHL,2017-05-01,303
PHL,2017-06-01,272
PHL,2017-07-01,266
PHL,2017-08-01,354
PHL,2017-09-01,227
PHL,2017-10-01,147
PHL,2017-11-01,104
PHL,2017-12-01,109
PHL,2018-01-01,112
PHL,2018-02-01,107
PHL,2018-03-01,146
PHL,2018-04-01,128
PHL,2018-05-01,183
PHL,2018-06-01,179
PHL,2018-07-01,164
PHL,2018-08-01,217
PHL,2018-09-01,134
PHL,2018-10-01,158
PHL,2018-11-01,146
PHL,2018-12-01,137
PHL,2019-01-01,114
PHL,2019-02-01,104
PHL,2019-03-01,123
PHL,2019-04-01,126
PHL,2019-05-01,146
PHL,2019-06-01,108
PHL,2019-07-01,129
PHL,2019-08-01,185
PHL,2019-09-01,159
PHL,2019-10-01,123
PHL,2019-11-01,106
PHL,2019-12-01,94
PHL,2020-01-01,135
PHL,2020-02-01,139
PHL,2020-03-01,100
PHL,2020-04-01,107
PHL,2020-05-01,130
PHL,2020-06-01,112
PHL,2020-07-01,117
PHL,2020-08-01,92
PHL,2020-09-01,93
PHL,2020-10-01,81
PHL,2020-11-01,83
PHL,2020-12-01,123
PHL,2021-01-01,135
PHL,2021-02-01,109
PHL,2021-03-01,101
PHL,2021-04-01,94
PHL,2021-05-01,108
PHL,2021-06-01,90
PHL,2021-07-01,79
PHL,2021-08-01,72
PHL,2021-09-01,59
PHL,2021-10-01,49
PHL,2021-11-01,41
PHL,2021-12-01,64
PHL,2022-01-01,65
PHL,2022-02-01,61
PHL,2022-03-01,69
PHL,2022-04-01,70
PHL,2022-05-01,114
PHL,2022-06-01,88
PHL,2022-07-01,66
PHL,2022-08-01,67
PHL,2022-09-01,55
PHL,2022-10-01,74
PHL,2022-11-01,85
PHL,2022-12-01,38
PHL,2023-01-01,67
PHL,2023-02-01,59
PHL,2023-03-01,75
PHL,2023-04-01,86
PHL,2023-05-01,67
PHL,2023-06-01,59
PHL,2023-07-01,50
PHL,2023-08-01,58
PHL,2023-09-01,78
PHL,2023-10-01,69
PHL,2023-11-01,67
PHL,2023-12-01,57
PHL,2024-01-01,54
PHL,2024-02-01,56
PHL,2024-03-01,66
PHL,2024-04-01,55
PHL,2024-05-01,63
PHL,2024-06-01,50
PHL,2024-07-01,48
PHL,2024-08-01,59
PHL,2024-09-01,45
PHL,2024-10-01,38
PHL,2024-11-01,45
PHL,2024-12-01,45
POL,2020-01-01,1
POL,2020-02-01,2
POL,2020-03-01,0
POL,2020-04-01,0
POL,2020-05-01,0
POL,2020-06-01,0
POL,2020-07-01,0
POL,2020-08-01,2
POL,2020-09-01,0
POL,2020-10-01,0
POL,2020-11-01,0
POL,2020-12-01,1
POL,2021-01-01,1
POL,2021-02-01,1
POL,2021-03-01,1
POL,2021-04-01,0
POL,2021-05-01,1
POL,2021-06-01,2
POL,2021-07-01,2
POL,2021-08-01,2
POL,2021-09-01,0
POL,2021-10-01,1
POL,2021-11-01,34
POL,2021-12-01,39
POL,2022-01-01,19
POL,2022-02-01,15
POL,2022-03-01,23
POL,2022-04-01,8
POL,2022-05-01,11
POL,2022-06-01,2
POL,2022-07-01,2
POL,2022-09-01,1
POL,2023-03-01,2
POL,2023-05-01,4
POL,2023-06-01,4
POL,2023-07-01,4
POL,2023-08-01,6
POL,2023-09-01,11
POL,2023-10-01,11
POL,2023-11-01,5
POL,2023-12-01,3
POL,2024-02-01,1
POL,2024-03-01,7
POL,2024-04-01,4
POL,2024-05-01,10
POL,2024-06-01,7
POL,2024-07-01,2
POL,2024-08-01,3
POL,2024-09-01,9
POL,2024-10-01,1
POL,2024-12-01,1
ROU,2018-01-01,0
ROU,2018-02-01,0
ROU,2018-03-01,0
ROU,2018-04-01,0
ROU,2018-05-01,0
ROU,2018-06-01,0
ROU,2018-07-01,0
ROU,2018-08-01,0
ROU,2018-09-01,0
ROU,2018-10-01,0
ROU,2018-11-01,1
ROU,2018-12-01,0
ROU,2019-01-01,0
ROU,2019-02-01,0
ROU,2019-03-01,0
ROU,2019-04-01,0
ROU,2019-05-01,2
ROU,2019-06-01,0
ROU,2019-07-01,1
ROU,2019-08-01,0
ROU,2019-09-01,0
ROU,2019-10-01,0
ROU,2019-11-01,0
ROU,2019-12-01,0
ROU,2020-01-01,0
ROU,2020-02-01,0
ROU,2020-03-01,0
ROU,2020-04-01,8
ROU,2020-05-01,1
ROU,2020-06-01,0
ROU,2020-07-01,1
ROU,2020-08-01,1
ROU,2020-09-01,1
ROU,2020-10-01,0
ROU,2020-11-01,0
ROU,2020-12-01,2
ROU,2021-01-01,0
ROU,2021-02-01,0
ROU,2021-03-01,0
ROU,2021-04-01,0
ROU,2021-05-01,0
ROU,2021-06-01,1
ROU,2021-07-01,1
ROU,2021-08-01,2
ROU,2021-09-01,1
ROU,2021-10-01,3
ROU,2021-11-01,1
ROU,2021-12-01,0
ROU,2022-01-01,2
ROU,2022-02-01,1
ROU,2022-03-01,1
ROU,2022-09-01,1
ROU,2022-11-01,1
ROU,2022-12-01,1
ROU,2023-02-01,1
ROU,2023-03-01,1
ROU,2023-04-01,1
ROU,2023-05-01,1
ROU,2023-08-01,1
ROU,2023-10-01,2
ROU,2023-11-01,2
ROU,2024-04-01,1
ROU,2024-05-01,3
ROU,2024-06-01,1
ROU,2024-07-01,1
ROU,2024-08-01,1
ROU,2024-10-01,1
RUS,2018-01-01,22
RUS,2018-02-01,21
RUS,2018-03-01,32
RUS,2018-04-01,23
RUS,2018-05-01,33
RUS,2018-06-01,14
RUS,2018-07-01,13
RUS,2018-08-01,23
RUS,2018-09-01,28
RUS,2018-10-01,21
RUS,2018-11-01,21
RUS,2018-12-01,12
RUS,2019-01-01,14
RUS,2019-02-01,8
RUS,2019-03-01,9
RUS,2019-04-01,6
RUS,2019-05-01,3
RUS,2019-06-01,3
RUS,2019-07-01,8
RUS,2019-08-01,6
RUS,2019-09-01,3
RUS,2019-10-01,2
RUS,2019-11-01,2
RUS,2019-12-01,6
RUS,2020-01-01,1
RUS,2020-02-01,8
RUS,2020-03-01,4
RUS,2020-04-01,8
RUS,2020-05-01,3
RUS,2020-06-01,3
RUS,2020-07-01,9
RUS,2020-08-01,13
RUS,2020-09-01,5
RUS,2020-10-01,13
RUS,2020-11-01,2
RUS,2020-12-01,6
RUS,2021-01-01,11
RUS,2021-02-01,11
RUS,2021-03-01,10
RUS,2021-04-01,13
RUS,2021-05-01,9
RUS,2021-06-01,10
RUS,2021-07-01,19
RUS,2021-08-01,18
RUS,2021-09-01,19
RUS,2021-10-01,18
RUS,2021-11-01,17
RUS,2021-12-01,6
RUS,2022-01-01,12
RUS,2022-02-01,14
RUS,2022-03-01,20
RUS,2022-04-01,32
RUS,2022-05-01,37
RUS,2022-06-01,18
RUS,2022-07-01,49
RUS,2022-08-01,37
RUS,2022-09-01,45
RUS,2022-10-01,69
RUS,2022-11-01,67
RUS,2022-12-01,49
RUS,2023-01-01,47
RUS,2023-02-01,75
RUS,2023-03-01,80
RUS,2023-04-01,84
RUS,2023-05-01,257
RUS,2023-06-01,321
RUS,2023-07-01,333
RUS,2023-08-01,333
RUS,2023-09-01,507
RUS,2023-10-01,378
RUS,2023-11-01,269
RUS,2023-12-01,379
RUS,2024-01-01,448
RUS,2024-02-01,376
RUS,2024-03-01,732
RUS,2024-04-01,577
RUS,2024-05-01,1138
RUS,2024-06-01,1265
RUS,2024-07-01,1423
RUS,2024-08-01,1587
RUS,2024-09-01,1401
RUS,2024-10-01,1598
RUS,2024-11-01,1312
RUS,2024-12-01,1251
ZAF,2000-01-01,3
ZAF,2000-02-01,1
ZAF,2000-03-01,0
ZAF,2000-04-01,4
ZAF,2000-05-01,2
ZAF,2000-06-01,7
ZAF,2000-07-01,3
ZAF,2000-08-01,4
ZAF,2000-09-01,5
ZAF,2000-10-01,6
ZAF,2000-11-01,4
ZAF,2000-12-01,5
ZAF,2001-01-01,4
ZAF,2001-02-01,3
ZAF,2001-03-01,4
ZAF,2001-04-01,0
ZAF,2001-05-01,2
ZAF,2001-06-01,0
ZAF,2001-07-01,3
ZAF,2001-08-01,3
ZAF,2001-09-01,2
ZAF,2001-10-01,3
ZAF,2001-11-01,0
ZAF,2001-12-01,2
ZAF,2002-01-01,2
ZAF,2002-02-01,1
ZAF,2002-03-01,0
ZAF,2002-04-01,1
ZAF,2002-05-01,0
ZAF,2002-06-01,1
ZAF,2002-07-01,1
ZAF,2002-08-01,1
ZAF,2002-09-01,1
ZAF,2002-10-01,6
ZAF,2002-11-01,4
ZAF,2002-12-01,2
ZAF,2003-01-01,3
ZAF,2003-02-01,0
ZAF,2003-03-01,0
ZAF,2003-04-01,0
ZAF,2003-05-01,3
ZAF,2003-06-01,2
ZAF,2003-07-01,0
ZAF,2003-08-01,0
ZAF,2003-09-01,3
ZAF,2003-10-01,0
ZAF,2003-11-01,1
ZAF,2003-12-01,0
ZAF,2004-01-01,5
ZAF,2004-02-01,6
ZAF,2004-03-01,4
ZAF,2004-04-01,3
ZAF,2004-05-01,2
ZAF,2004-06-01,1
ZAF,2004-07-01,0
ZAF,2004-08-01,4
ZAF,2004-09-01,1
ZAF,2004-10-01,0
ZAF,2004-11-01,1
ZAF,2004-12-01,2
ZAF,2005-01-01,1
ZAF,2005-02-01,1
ZAF,2005-03-01,2
ZAF,2005-04-01,1
ZAF,2005-05-01,0
ZAF,2005-06-01,0
ZAF,2005-07-01,0
ZAF,2005-08-01,0
ZAF,2005-09-01,2
ZAF,2005-10-01,0
ZAF,2005-11-01,1
ZAF,2005-12-01,0
ZAF,2006-01-01,1
ZAF,2006-02-01,2
ZAF,2006-03-01,0
ZAF,2006-04-01,2
ZAF,2006-05-01,1
ZAF,2006-06-01,1
ZAF,2006-07-01,1
ZAF,2006-08-01,2
ZAF,2006-09-01,2
ZAF,2006-10-01,0
ZAF,2006-11-01,0
ZAF,2006-12-01,1
ZAF,2007-01-01,2
ZAF,2007-02-01,5
ZAF,2007-03-01,5
ZAF,2007-04-01,2
ZAF,2007-05-01,1
ZAF,2007-06-01,4
ZAF,2007-07-01,1
ZAF,2007-08-01,7
ZAF,2007-09-01,1
ZAF,2007-10-01,3
ZAF,2007-11-01,1
ZAF,2007-12-01,0
ZAF,2008-01-01,5
ZAF,2008-02-01,2
ZAF,2008-03-01,4
ZAF,2008-04-01,2
ZAF,2008-05-01,11
ZAF,2008-06-01,3
ZAF,2008-07-01,3
ZAF,2008-08-01,1
ZAF,2008-09-01,3
ZAF,2008-10-01,2
ZAF,2008-11-01,4
ZAF,2008-12-01,3
ZAF,2009-01-01,5
ZAF,2009-02-01,9
ZAF,2009-03-01,4
ZAF,2009-04-01,1
ZAF,2009-05-01,2
ZAF,2009-06-01,6
ZAF,2009-07-01,3
ZAF,2009-08-01,0
ZAF,2009-09-01,6
ZAF,2009-10-01,6
ZAF,2009-11-01,4
ZAF,2009-12-01,4
ZAF,2010-01-01,3
ZAF,2010-02-01,3
ZAF,2010-03-01,3
ZAF,2010-04-01,2
ZAF,2010-05-01,4
ZAF,2010-06-01,1
ZAF,2010-07-01,8
ZAF,2010-08-01,5
ZAF,2010-09-01,2
ZAF,2010-10-01,4
ZAF,2010-11-01,3
ZAF,2010-12-01,5
ZAF,2011-01-01,1
ZAF,2011-02-01,4
ZAF,2011-03-01,2
ZAF,2011-04-01,4
ZAF,2011-05-01,4
ZAF,2011-06-01,2
ZAF,2011-07-01,7
ZAF,2011-08-01,7
ZAF,2011-09-01,4
ZAF,2011-10-01,11
ZAF,2011-11-01,3
ZAF,2011-12-01,9
ZAF,2012-01-01,23
ZAF,2012-02-01,25
ZAF,2012-03-01,23
ZAF,2012-04-01,16
ZAF,2012-05-01,21
ZAF,2012-06-01,27
ZAF,2012-07-01,28
ZAF,2012-08-01,32
ZAF,2012-09-01,23
ZAF,2012-10-01,21
ZAF,2012-11-01,30
ZAF,2012-12-01,10
ZAF,2013-01-01,21
ZAF,2013-02-01,20
ZAF,2013-03-01,31
ZAF,2013-04-01,19
ZAF,2013-05-01,33
ZAF,2013-06-01,7
ZAF,2013-07-01,6
ZAF,2013-08-01,7
ZAF,2013-09-01,18
ZAF,2013-10-01,10
ZAF,2013-11-01,14
ZAF,2013-12-01,5
ZAF,2014-01-01,8
ZAF,2014-02-01,15
ZAF,2014-03-01,11
ZAF,2014-04-01,21
ZAF,2014-05-01,35
ZAF,2014-06-01,14
ZAF,2014-07-01,21
ZAF,2014-08-01,24
ZAF,2014-09-01,26
ZAF,2014-10-01,18
ZAF,2014-11-01,19
ZAF,2014-12-01,17
ZAF,2015-01-01,38
ZAF,2015-02-01,23
ZAF,2015-03-01,25
ZAF,2015-04-01,77
ZAF,2015-05-01,25
ZAF,2015-06-01,25
ZAF,2015-07-01,30
ZAF,2015-08-01,22
ZAF,2015-09-01,25
ZAF,2015-10-01,31
ZAF,2015-11-01,20
ZAF,2015-12-01,19
ZAF,2016-01-01,22
ZAF,2016-02-01,20
ZAF,2016-03-01,24
ZAF,2016-04-01,21
ZAF,2016-05-01,20
ZAF,2016-06-01,27
ZAF,2016-07-01,13
ZAF,2016-08-01,15
ZAF,2016-09-01,10
ZAF,2016-10-01,8
ZAF,2016-11-01,13
ZAF,2016-12-01,15
ZAF,2017-01-01,9
ZAF,2017-02-01,17
ZAF,2017-03-01,13
ZAF,2017-04-01,11
ZAF,2017-05-01,14
ZAF,2017-06-01,10
ZAF,2017-07-01,14
ZAF,2017-08-01,15
ZAF,2017-09-01,12
ZAF,2017-10-01,14
ZAF,2017-11-01,14
ZAF,2017-12-01,5
ZAF,2018-01-01,20
ZAF,2018-02-01,5
ZAF,2018-03-01,12
ZAF,2018-04-01,13
ZAF,2018-05-01,16
ZAF,2018-06-01,11
ZAF,2018-07-01,21
ZAF,2018-08-01,21
ZAF,2018-09-01,14
ZAF,2018-10-01,16
ZAF,2018-11-01,6
ZAF,2018-12-01,8
ZAF,2019-01-01,22
ZAF,2019-02-01,14
ZAF,2019-03-01,17
ZAF,2019-04-01,12
ZAF,2019-05-01,13
ZAF,2019-06-01,14
ZAF,2019-07-01,24
ZAF,2019-08-01,29
ZAF,2019-09-01,24
ZAF,2019-10-01,14
ZAF,2019-11-01,18
ZAF,2019-12-01,15
ZAF,2020-01-01,16
ZAF,2020-02-01,19
ZAF,2020-03-01,25
ZAF,2020-04-01,30
ZAF,2020-05-01,22
ZAF,2020-06-01,20
ZAF,2020-07-01,24
ZAF,2020-08-01,21
ZAF,2020-09-01,22
ZAF,2020-10-01,27
ZAF,2020-11-01,23
ZAF,2020-12-01,17
ZAF,2021-01-01,29
ZAF,2021-02-01,32
ZAF,2021-03-01,31
ZAF,2021-04-01,32
ZAF,2021-05-01,27
ZAF,2021-06-01,29
ZAF,2021-07-01,32
ZAF,2021-08-01,27
ZAF,2021-09-01,22
ZAF,2021-10-01,39
ZAF,2021-11-01,38
ZAF,2021-12-01,20
ZAF,2022-01-01,38
ZAF,2022-02-01,44
ZAF,2022-03-01,31
ZAF,2022-04-01,34
ZAF,2022-05-01,30
ZAF,2022-06-01,47
ZAF,2022-07-01,49
ZAF,2022-08-01,31
ZAF,2022-09-01,49
ZAF,2022-10-01,29
ZAF,2022-11-01,30
ZAF,2022-12-01,20
ZAF,2023-01-01,39
ZAF,2023-02-01,41
ZAF,2023-03-01,25
ZAF,2023-04-01,34
ZAF,2023-05-01,24
ZAF,2023-06-01,32
ZAF,2023-07-01,38
ZAF,2023-08-01,40
ZAF,2023-09-01,36
ZAF,2023-10-01,30
ZAF,2023-11-01,40
ZAF,2023-12-01,26
ZAF,2024-01-01,42
ZAF,2024-02-01,48
ZAF,2024-03-01,34
ZAF,2024-04-01,34
ZAF,2024-05-01,25
ZAF,2024-06-01,35
ZAF,2024-07-01,41
ZAF,2024-08-01,41
ZAF,2024-09-01,35
ZAF,2024-10-01,34
ZAF,2024-11-01,30
ZAF,2024-12-01,21
LKA,2010-01-01,53
LKA,2010-02-01,8
LKA,2010-03-01,34
LKA,2010-04-01,22
LKA,2010-05-01,2
LKA,2010-06-01,4
LKA,2010-07-01,5
LKA,2010-08-01,2
LKA,2010-09-01,0
LKA,2010-10-01,3
LKA,2010-11-01,2
LKA,2010-12-01,4
LKA,2011-01-01,7
LKA,2011-02-01,6
LKA,2011-03-01,22
LKA,2011-04-01,3
LKA,2011-05-01,4
LKA,2011-06-01,4
LKA,2011-07-01,6
LKA,2011-08-01,7
LKA,2011-09-01,5
LKA,2011-10-01,8
LKA,2011-11-01,3
LKA,2011-12-01,4
LKA,2012-01-01,5
LKA,2012-02-01,6
LKA,2012-03-01,8
LKA,2012-04-01,2
LKA,2012-05-01,3
LKA,2012-06-01,6
LKA,2012-07-01,5
LKA,2012-08-01,9
LKA,2012-09-01,4
LKA,2012-10-01,7
LKA,2012-11-01,6
LKA,2012-12-01,2
LKA,2013-01-01,5
LKA,2013-02-01,12
LKA,2013-03-01,12
LKA,2013-04-01,3
LKA,2013-05-01,10
LKA,2013-06-01,10
LKA,2013-07-01,4
LKA,2013-08-01,16
LKA,2013-09-01,28
LKA,2013-10-01,8
LKA,2013-11-01,2
LKA,2013-12-01,4
LKA,2014-01-01,1
LKA,2014-02-01,3
LKA,2014-03-01,5
LKA,2014-04-01,3
LKA,2014-05-01,3
LKA,2014-06-01,2
LKA,2014-07-01,1
LKA,2014-08-01,0
LKA,2014-09-01,11
LKA,2014-10-01,3
LKA,2014-11-01,5
LKA,2014-12-01,11
LKA,2015-01-01,32
LKA,2015-02-01,2
LKA,2015-03-01,2
LKA,2015-04-01,0
LKA,2015-05-01,1
LKA,2015-06-01,2
LKA,2015-07-01,6
LKA,2015-08-01,8
LKA,2015-09-01,0
LKA,2015-10-01,1
LKA,2015-11-01,1
LKA,2015-12-01,1
LKA,2016-01-01,4
LKA,2016-02-01,1
LKA,2016-03-01,0
LKA,2016-04-01,3
LKA,2016-05-01,0
LKA,2016-06-01,1
LKA,2016-07-01,1
LKA,2016-08-01,0
LKA,2016-09-01,1
LKA,2016-10-01,1
LKA,2016-11-01,0
LKA,2016-12-01,2
LKA,2017-01-01,2
LKA,2017-02-01,2
LKA,2017-03-01,2
LKA,2017-04-01,1
LKA,2017-05-01,12
LKA,2017-06-01,4
LKA,2017-07-01,2
LKA,2017-08-01,0
LKA,2017-09-01,2
LKA,2017-10-01,0
LKA,2017-11-01,3
LKA,2017-12-01,1
LKA,2018-01-01,5
LKA,2018-02-01,4
LKA,2018-03-01,20
LKA,2018-04-01,2
LKA,2018-05-01,1
LKA,2018-06-01,6
LKA,2018-07-01,5
LKA,2018-08-01,4
LKA,2018-09-01,8
LKA,2018-10-01,10
LKA,2018-11-01,21
LKA,2018-12-01,28
LKA,2019-01-01,13
LKA,2019-02-01,4
LKA,2019-03-01,4
LKA,2019-04-01,19
LKA,2019-05-01,26
LKA,2019-06-01,24
LKA,2019-07-01,23
LKA,2019-08-01,26
LKA,2019-09-01,8
LKA,2019-10-01,9
LKA,2019-11-01,26
LKA,2019-12-01,21
LKA,2020-01-01,13
LKA,2020-02-01,12
LKA,2020-03-01,2
LKA,2020-04-01,7
LKA,2020-05-01,13
LKA,2020-06-01,3
LKA,2020-07-01,13
LKA,2020-08-01,8
LKA,2020-09-01,2
LKA,2020-10-01,4
LKA,2020-11-01,5
LKA,2020-12-01,2
LKA,2021-01-01,4
LKA,2021-02-01,5
LKA,2021-03-01,3
LKA,2021-04-01,8
LKA,2021-05-01,2
LKA,2021-06-01,7
LKA,2021-07-01,1
LKA,2021-08-01,1
LKA,2021-09-01,5
LKA,2021-10-01,4
LKA,2021-11-01,2
LKA,2021-12-01,2
LKA,2022-01-01,3
LKA,2022-04-01,1
LKA,2022-05-01,7
LKA,2022-06-01,6
LKA,2022-07-01,6
LKA,2022-08-01,1
LKA,2022-11-01,3
LKA,2023-01-01,1
LKA,2023-02-01,1
LKA,2023-03-01,5
LKA,2023-04-01,2
LKA,2023-05-01,3
LKA,2023-06-01,5
LKA,2023-07-01,4
LKA,2023-08-01,2
LKA,2023-09-01,4
LKA,2023-10-01,3
LKA,2023-11-01,9
LKA,2023-12-01,10
LKA,2024-01-01,3
LKA,2024-02-01,3
LKA,2024-03-01,4
LKA,2024-04-01,3
LKA,2024-06-01,1
LKA,2024-07-01,5
LKA,2024-08-01,4
LKA,2024-09-01,12
LKA,2024-10-01,7
LKA,2024-11-01,12
LKA,2024-12-01,2
TUN,2000-01-01,0
TUN,2000-02-01,0
TUN,2000-03-01,0
TUN,2000-04-01,0
TUN,2000-05-01,0
TUN,2000-06-01,0
TUN,2000-07-01,0
TUN,2000-08-01,0
TUN,2000-09-01,0
TUN,2000-10-01,0
TUN,2000-11-01,0
TUN,2000-12-01,0
TUN,2001-01-01,0
TUN,2001-02-01,1
TUN,2001-03-01,2
TUN,2001-04-01,0
TUN,2001-05-01,0
TUN,2001-06-01,0
TUN,2001-07-01,0
TUN,2001-08-01,0
TUN,2001-09-01,0
TUN,2001-10-01,0
TUN,2001-11-01,0
TUN,2001-12-01,0
TUN,2002-01-01,0
TUN,2002-02-01,0
TUN,2002-03-01,0
TUN,2002-04-01,2
TUN,2002-05-01,0
TUN,2002-06-01,0
TUN,2002-07-01,0
TUN,2002-08-01,0
TUN,2002-09-01,0
TUN,2002-10-01,0
TUN,2002-11-01,0
TUN,2002-12-01,0
TUN,2003-01-01,0
TUN,2003-02-01,0
TUN,2003-03-01,0
TUN,2003-04-01,0
TUN,2003-05-01,0
TUN,2003-06-01,0
TUN,2003-07-01,0
TUN,2003-08-01,1
TUN,2003-09-01,0
TUN,2003-10-01,0
TUN,2003-11-01,0
TUN,2003-12-01,0
TUN,2004-01-01,1
TUN,2004-02-01,0
TUN,2004-03-01,0
TUN,2004-04-01,0
TUN,2004-05-01,0
TUN,2004-06-01,0
TUN,2004-07-01,0
TUN,2004-08-01,0
TUN,2004-09-01,0
TUN,2004-10-01,0
TUN,2004-11-01,0
TUN,2004-12-01,1
TUN,2005-01-01,0
TUN,2005-02-01,0
TUN,2005-03-01,0
TUN,2005-04-01,0
TUN,2005-05-01,0
TUN,2005-06-01,0
TUN,2005-07-01,0
TUN,2005-08-01,0
TUN,2005-09-01,0
TUN,2005-10-01,0
TUN,2005-11-01,1
TUN,2005-12-01,0
TUN,2006-01-01,0
TUN,2006-02-01,0
TUN,2006-03-01,0
TUN,2006-04-01,0
TUN,2006-05-01,0
TUN,2006-06-01,0
TUN,2006-07-01,0
TUN,2006-08-01,0
TUN,2006-09-01,0
TUN,2006-10-01,0
TUN,2006-11-01,0
TUN,2006-12-01,1
TUN,2007-01-01,1
TUN,2007-02-01,0
TUN,2007-03-01,0
TUN,2007-04-01,0
TUN,2007-05-01,0
TUN,2007-06-01,0
TUN,2007-07-01,0
TUN,2007-08-01,0
TUN,2007-09-01,0
TUN,2007-10-01,0
TUN,2007-11-01,0
TUN,2007-12-01,0
TUN,2008-01-01,0
TUN,2008-02-01,0
TUN,2008-03-01,0
TUN,2008-04-01,2
TUN,2008-05-01,2
TUN,2008-06-01,2
TUN,2008-07-01,0
TUN,2008-08-01,0
TUN,2008-09-01,0
TUN,2008-10-01,0
TUN,2008-11-01,0
TUN,2008-12-01,0
TUN,2009-01-01,0
TUN,2009-02-01,0
TUN,2009-03-01,0
TUN,2009-04-01,0
TUN,2009-05-01,0
TUN,2009-06-01,0
TUN,2009-07-01,0
TUN,2009-08-01,0
TUN,2009-09-01,0
TUN,2009-10-01,0
TUN,2009-11-01,0
TUN,2009-12-01,0
TUN,2010-01-01,0
TUN,2010-02-01,0
TUN,2010-03-01,0
TUN,2010-04-01,0
TUN,2010-05-01,0
TUN,2010-06-01,0
TUN,2010-07-01,0
TUN,2010-08-01,3
TUN,2010-09-01,0
TUN,2010-10-01,0
TUN,2010-11-01,0
TUN,2010-12-01,9
TUN,2011-01-01,57
TUN,2011-02-01,8
TUN,2011-03-01,2
TUN,2011-04-01,6
TUN,2011-05-01,16
TUN,2011-06-01,5
TUN,2011-07-01,13
TUN,2011-08-01,8
TUN,2011-09-01,16
TUN,2011-10-01,0
TUN,2011-11-01,0
TUN,2011-12-01,2
TUN,2012-01-01,7
TUN,2012-02-01,5
TUN,2012-03-01,3
TUN,2012-04-01,9
TUN,2012-05-01,4
TUN,2012-06-01,4
TUN,2012-07-01,1
TUN,2012-08-01,6
TUN,2012-09-01,2
TUN,2012-10-01,2
TUN,2012-11-01,3
TUN,2012-12-01,6
TUN,2013-01-01,8
TUN,2013-02-01,11
TUN,2013-03-01,4
TUN,2013-04-01,5
TUN,2013-05-01,10
TUN,2013-06-01,8
TUN,2013-07-01,6
TUN,2013-08-01,16
TUN,2013-09-01,2
TUN,2013-10-01,14
TUN,2013-11-01,9
TUN,2013-12-01,3
TUN,2014-01-01,10
TUN,2014-02-01,13
TUN,2014-03-01,7
TUN,2014-04-01,16
TUN,2014-05-01,12
TUN,2014-06-01,9
TUN,2014-07-01,11
TUN,2014-08-01,15
TUN,2014-09-01,7
TUN,2014-10-01,8
TUN,2014-11-01,7
TUN,2014-12-01,8
TUN,2015-01-01,4
TUN,2015-02-01,9
TUN,2015-03-01,8
TUN,2015-04-01,6
TUN,2015-05-01,6
TUN,2015-06-01,10
TUN,2015-07-01,9
TUN,2015-08-01,7
TUN,2015-09-01,5
TUN,2015-10-01,10
TUN,2015-11-01,5
TUN,2015-12-01,3
TUN,2016-01-01,14
TUN,2016-02-01,6
TUN,2016-03-01,24
TUN,2016-04-01,3
TUN,2016-05-01,11
TUN,2016-06-01,7
TUN,2016-07-01,6
TUN,2016-08-01,9
TUN,2016-09-01,9
TUN,2016-10-01,3
TUN,2016-11-01,7
TUN,2016-12-01,8
TUN,2017-01-01,9
TUN,2017-02-01,4
TUN,2017-03-01,7
TUN,2017-04-01,5
TUN,2017-05-01,6
TUN,2017-06-01,20
TUN,2017-07-01,7
TUN,2017-08-01,8
TUN,2017-09-01,12
TUN,2017-10-01,9
TUN,2017-11-01,9
TUN,2017-12-01,4
TUN,2018-01-01,7
TUN,2018-02-01,6
TUN,2018-03-01,4
TUN,2018-04-01,3
TUN,2018-05-01,7
TUN,2018-06-01,3
TUN,2018-07-01,2
TUN,2018-08-01,6
TUN,2018-09-01,4
TUN,2018-10-01,7
TUN,2018-11-01,10
TUN,2018-12-01,6
TUN,2019-01-01,3
TUN,2019-02-01,8
TUN,2019-03-01,9
TUN,2019-04-01,8
TUN,2019-05-01,6
TUN,2019-06-01,7
TUN,2019-07-01,4
TUN,2019-08-01,2
TUN,2019-09-01,5
TUN,2019-10-01,7
TUN,2019-11-01,3
TUN,2019-12-01,1
TUN,2020-01-01,4
TUN,2020-02-01,10
TUN,2020-03-01,3
TUN,2020-04-01,4
TUN,2020-05-01,1
TUN,2020-06-01,1
TUN,2020-07-01,0
TUN,2020-08-01,2
TUN,2020-09-01,1
TUN,2020-10-01,8
TUN,2020-11-01,2
TUN,2020-12-01,7
TUN,2021-01-01,3
TUN,2021-02-01,3
TUN,2021-03-01,4
TUN,2021-04-01,9
TUN,2021-05-01,3
TUN,2021-06-01,5
TUN,2021-07-01,7
TUN,2021-08-01,1
TUN,2021-09-01,2
TUN,2021-10-01,1
TUN,2021-11-01,3
TUN,2021-12-01,1
TUN,2022-01-01,1
TUN,2022-03-01,1
TUN,2022-08-01,2
TUN,2022-09-01,3
TUN,2022-11-01,1
TUN,2023-02-01,1
TUN,2023-03-01,1
TUN,2023-04-01,5
TUN,2023-05-01,7
TUN,2023-06-01,2
TUN,2023-07-01,4
TUN,2023-08-01,1
TUN,2023-09-01,3
TUN,2023-10-01,1
TUN,2023-11-01,3
TUN,2023-12-01,5
TUN,2024-02-01,1
TUN,2024-03-01,7
TUN,2024-04-01,2
TUN,2024-05-01,2
TUN,2024-06-01,3
TUN,2024-07-01,1
TUN,2024-08-01,1
TUN,2024-10-01,3
TUN,2024-11-01,1
TUN,2024-12-01,2
TUR,2016-01-01,132
TUR,2016-02-01,119
TUR,2016-03-01,147
TUR,2016-04-01,228
TUR,2016-05-01,188
TUR,2016-06-01,198
TUR,2016-07-01,189
TUR,2016-08-01,219
TUR,2016-09-01,150
TUR,2016-10-01,142
TUR,2016-11-01,91
TUR,2016-12-01,52
TUR,2017-01-01,55
TUR,2017-02-01,43
TUR,2017-03-01,88
TUR,2017-04-01,93
TUR,2017-05-01,102
TUR,2017-06-01,93
TUR,2017-07-01,106
TUR,2017-08-01,89
TUR,2017-09-01,91
TUR,2017-10-01,86
TUR,2017-11-01,61
TUR,2017-12-01,25
TUR,2018-01-01,38
TUR,2018-02-01,48
TUR,2018-03-01,57
TUR,2018-04-01,63
TUR,2018-05-01,82
TUR,2018-06-01,164
TUR,2018-07-01,128
TUR,2018-08-01,110
TUR,2018-09-01,97
TUR,2018-10-01,87
TUR,2018-11-01,62
TUR,2018-12-01,48
TUR,2019-01-01,42
TUR,2019-02-01,28
TUR,2019-03-01,90
TUR,2019-04-01,54
TUR,2019-05-01,96
TUR,2019-06-01,121
TUR,2019-07-01,132
TUR,2019-08-01,90
TUR,2019-09-01,87
TUR,2019-10-01,108
TUR,2019-11-01,48
TUR,2019-12-01,50
TUR,2020-01-01,36
TUR,2020-02-01,45
TUR,2020-03-01,60
TUR,2020-04-01,57
TUR,2020-05-01,79
TUR,2020-06-01,111
TUR,2020-07-01,94
TUR,2020-08-01,73
TUR,2020-09-01,69
TUR,2020-10-01,81
TUR,2020-11-01,25
TUR,2020-12-01,48
TUR,2021-01-01,37
TUR,2021-02-01,17
TUR,2021-03-01,21
TUR,2021-04-01,24
TUR,2021-05-01,53
TUR,2021-06-01,43
TUR,2021-07-01,41
TUR,2021-08-01,44
TUR,2021-09-01,36
TUR,2021-10-01,26
TUR,2021-11-01,22
TUR,2021-12-01,18
TUR,2022-01-01,17
TUR,2022-02-01,13
TUR,2022-03-01,16
TUR,2022-04-01,32
TUR,2022-05-01,33
TUR,2022-06-01,45
TUR,2022-07-01,47
TUR,2022-08-01,48
TUR,2022-09-01,33
TUR,2022-10-01,32
TUR,2022-11-01,28
TUR,2022-12-01,22
TUR,2023-01-01,22
TUR,2023-02-01,31
TUR,2023-03-01,18
TUR,2023-04-01,27
TUR,2023-05-01,103
TUR,2023-06-01,24
TUR,2023-07-01,34
TUR,2023-08-01,30
TUR,2023-09-01,21
TUR,2023-10-01,28
TUR,2023-11-01,14
TUR,2023-12-01,16
TUR,2024-01-01,13
TUR,2024-02-01,11
TUR,2024-03-01,57
TUR,2024-04-01,30
TUR,2024-05-01,19
TUR,2024-06-01,21
TUR,2024-07-01,25
TUR,2024-08-01,22
TUR,2024-09-01,16
TUR,2024-10-01,27
TUR,2024-11-01,9
TUR,2024-12-01,8
UKR,2018-01-01,717
UKR,2018-02-01,1058
UKR,2018-03-01,797
UKR,2018-04-01,1106
UKR,2018-05-01,1299
UKR,2018-06-01,1166
UKR,2018-07-01,921
UKR,2018-08-01,1054
UKR,2018-09-01,1194
UKR,2018-10-01,1495
UKR,2018-11-01,1291
UKR,2018-12-01,1262
UKR,2019-01-01,1053
UKR,2019-02-01,1164
UKR,2019-03-01,1381
UKR,2019-04-01,1338
UKR,2019-05-01,1278
UKR,2019-06-01,1449
UKR,2019-07-01,1206
UKR,2019-08-01,927
UKR,2019-09-01,1246
UKR,2019-10-01,1541
UKR,2019-11-01,1220
UKR,2019-12-01,1080
UKR,2020-01-01,1025
UKR,2020-02-01,1092
UKR,2020-03-01,1388
UKR,2020-04-01,1064
UKR,2020-05-01,1163
UKR,2020-06-01,820
UKR,2020-07-01,716
UKR,2020-08-01,129
UKR,2020-09-01,189
UKR,2020-10-01,266
UKR,2020-11-01,243
UKR,2020-12-01,358
UKR,2021-01-01,392
UKR,2021-02-01,404
UKR,2021-03-01,463
UKR,2021-04-01,763
UKR,2021-05-01,820
UKR,2021-06-01,464
UKR,2021-07-01,631
UKR,2021-08-01,555
UKR,2021-09-01,612
UKR,2021-10-01,707
UKR,2021-11-01,937
UKR,2021-12-01,549
UKR,2022-01-01,427
UKR,2022-02-01,1458
UKR,2022-03-01,2530
UKR,2022-04-01,2166
UKR,2022-05-01,2989
UKR,2022-06-01,3686
UKR,2022-07-01,4419
UKR,2022-08-01,5118
UKR,2022-09-01,4745
UKR,2022-10-01,4163
UKR,2022-11-01,4129
UKR,2022-12-01,4025
UKR,2023-01-01,4173
UKR,2023-02-01,4176
UKR,2023-03-01,4669
UKR,2023-04-01,4179
UKR,2023-05-01,4849
UKR,2023-06-01,5132
UKR,2023-07-01,4835
UKR,2023-08-01,5223
UKR,2023-09-01,4617
UKR,2023-10-01,4531
UKR,2023-11-01,4311
UKR,2023-12-01,4068
UKR,2024-01-01,4149
UKR,2024-02-01,3902
UKR,2024-03-01,4625
UKR,2024-04-01,3975
UKR,2024-05-01,4147
UKR,2024-06-01,3738
UKR,2024-07-01,4157
UKR,2024-08-01,4829
UKR,2024-09-01,5109
UKR,2024-10-01,5260
UKR,2024-11-01,4687
UKR,2024-12-01,4647
VEN,2018-01-01,161
VEN,2018-02-01,249
VEN,2018-03-01,173
VEN,2018-04-01,214
VEN,2018-05-01,198
VEN,2018-06-01,158
VEN,2018-07-01,151
VEN,2018-08-01,162
VEN,2018-09-01,151
VEN,2018-10-01,162
VEN,2018-11-01,183
VEN,2018-12-01,112
VEN,2019-01-01,190
VEN,2019-02-01,166
VEN,2019-03-01,169
VEN,2019-04-01,198
VEN,2019-05-01,228
VEN,2019-06-01,222
VEN,2019-07-01,206
VEN,2019-08-01,238
VEN,2019-09-01,188
VEN,2019-10-01,242
VEN,2019-11-01,191
VEN,2019-12-01,192
VEN,2020-01-01,250
VEN,2020-02-01,214
VEN,2020-03-01,188
VEN,2020-04-01,211
VEN,2020-05-01,255
VEN,2020-06-01,182
VEN,2020-07-01,126
VEN,2020-08-01,154
VEN,2020-09-01,90
VEN,2020-10-01,93
VEN,2020-11-01,119
VEN,2020-12-01,133
VEN,2021-01-01,209
VEN,2021-02-01,109
VEN,2021-03-01,125
VEN,2021-04-01,120
VEN,2021-05-01,148
VEN,2021-06-01,144
VEN,2021-07-01,146
VEN,2021-08-01,111
VEN,2021-09-01,125
VEN,2021-10-01,78
VEN,2021-11-01,80
VEN,2021-12-01,92
VEN,2022-01-01,134
VEN,2022-02-01,90
VEN,2022-03-01,101
VEN,2022-04-01,71
VEN,2022-05-01,64
VEN,2022-06-01,49
VEN,2022-07-01,71
VEN,2022-08-01,50
VEN,2022-09-01,91
VEN,2022-10-01,56
VEN,2022-11-01,53
VEN,2022-12-01,53
VEN,2023-01-01,78
VEN,2023-02-01,62
VEN,2023-03-01,69
VEN,2023-04-01,63
VEN,2023-05-01,60
VEN,2023-06-01,55
VEN,2023-07-01,68
VEN,2023-08-01,61
VEN,2023-09-01,51
VEN,2023-10-01,58
VEN,2023-11-01,41
VEN,2023-12-01,35
VEN,2024-01-01,54
VEN,2024-02-01,61
VEN,2024-03-01,41
VEN,2024-04-01,38
VEN,2024-05-01,47
VEN,2024-06-01,26
VEN,2024-07-01,54
VEN,2024-08-01,51
VEN,2024-09-01,41
VEN,2024-10-01,39
VEN,2024-11-01,31
VEN,2024-12-01,39
ZMB,2000-01-01,2
ZMB,2000-02-01,0
ZMB,2000-03-01,3
ZMB,2000-04-01,3
ZMB,2000-05-01,1
ZMB,2000-06-01,0
ZMB,2000-07-01,1
ZMB,2000-08-01,3
ZMB,2000-09-01,2
ZMB,2000-10-01,0
ZMB,2000-11-01,0
ZMB,2000-12-01,0
ZMB,2001-01-01,0
ZMB,2001-02-01,1
ZMB,2001-03-01,1
ZMB,2001-04-01,0
ZMB,2001-05-01,0
ZMB,2001-06-01,0
ZMB,2001-07-01,3
ZMB,2001-08-01,0
ZMB,2001-09-01,1
ZMB,2001-10-01,0
ZMB,2001-11-01,5
ZMB,2001-12-01,0
ZMB,2002-01-01,0
ZMB,2002-02-01,0
ZMB,2002-03-01,0
ZMB,2002-04-01,1
ZMB,2002-05-01,0
ZMB,2002-06-01,1
ZMB,2002-07-01,0
ZMB,2002-08-01,1
ZMB,2002-09-01,0
ZMB,2002-10-01,0
ZMB,2002-11-01,0
ZMB,2002-12-01,0
ZMB,2003-01-01,2
ZMB,2003-02-01,0
ZMB,2003-03-01,2
ZMB,2003-04-01,0
ZMB,2003-05-01,0
ZMB,2003-06-01,6
ZMB,2003-07-01,0
ZMB,2003-08-01,0
ZMB,2003-09-01,0
ZMB,2003-10-01,0
ZMB,2003-11-01,0
ZMB,2003-12-01,0
ZMB,2004-01-01,0
ZMB,2004-02-01,0
ZMB,2004-03-01,4
ZMB,2004-04-01,0
ZMB,2004-05-01,0
ZMB,2004-06-01,0
ZMB,2004-07-01,0
ZMB,2004-08-01,1
ZMB,2004-09-01,1
ZMB,2004-10-01,0
ZMB,2004-11-01,0
ZMB,2004-12-01,2
ZMB,2005-01-01,2
ZMB,2005-02-01,0
ZMB,2005-03-01,0
ZMB,2005-04-01,0
ZMB,2005-05-01,0
ZMB,2005-06-01,4
ZMB,2005-07-01,4
ZMB,2005-08-01,0
ZMB,2005-09-01,0
ZMB,2005-10-01,0
ZMB,2005-11-01,2
ZMB,2005-12-01,0
ZMB,2006-01-01,0
ZMB,2006-02-01,0
ZMB,2006-03-01,0
ZMB,2006-04-01,0
ZMB,2006-05-01,0
ZMB,2006-06-01,0
ZMB,2006-07-01,2
ZMB,2006-08-01,6
ZMB,2006-09-01,6
ZMB,2006-10-01,4
ZMB,2006-11-01,4
ZMB,2006-12-01,0
ZMB,2007-01-01,0
ZMB,2007-02-01,0
ZMB,2007-03-01,0
ZMB,2007-04-01,0
ZMB,2007-05-01,0
ZMB,2007-06-01,6
ZMB,2007-07-01,8
ZMB,2007-08-01,6
ZMB,2007-09-01,2
ZMB,2007-10-01,1
ZMB,2007-11-01,2
ZMB,2007-12-01,0
ZMB,2008-01-01,0
ZMB,2008-02-01,0
ZMB,2008-03-01,0
ZMB,2008-04-01,0
ZMB,2008-05-01,0
ZMB,2008-06-01,0
ZMB,2008-07-01,0
ZMB,2008-08-01,0
ZMB,2008-09-01,0
ZMB,2008-10-01,2
ZMB,2008-11-01,0
ZMB,2008-12-01,2
ZMB,2009-01-01,0
ZMB,2009-02-01,0
ZMB,2009-03-01,0
ZMB,2009-04-01,0
ZMB,2009-05-01,2
ZMB,2009-06-01,0
ZMB,2009-07-01,2
ZMB,2009-08-01,2
ZMB,2009-09-01,0
ZMB,2009-10-01,0
ZMB,2009-11-01,3
ZMB,2009-12-01,0
ZMB,2010-01-01,0
ZMB,2010-02-01,0
ZMB,2010-03-01,0
ZMB,2010-04-01,2
ZMB,2010-05-01,2
ZMB,2010-06-01,3
ZMB,2010-07-01,0
ZMB,2010-08-01,0
ZMB,2010-09-01,1
ZMB,2010-10-01,1
ZMB,2010-11-01,0
ZMB,2010-12-01,0
ZMB,2011-01-01,1
ZMB,2011-02-01,1
ZMB,2011-03-01,4
ZMB,2011-04-01,1
ZMB,2011-05-01,0
ZMB,2011-06-01,1
ZMB,2011-07-01,1
ZMB,2011-08-01,3
ZMB,2011-09-01,4
ZMB,2011-10-01,0
ZMB,2011-11-01,0
ZMB,2011-12-01,1
ZMB,2012-01-01,0
ZMB,2012-02-01,0
ZMB,2012-03-01,0
ZMB,2012-04-01,0
ZMB,2012-05-01,0
ZMB,2012-06-01,0
ZMB,2012-07-01,7
ZMB,2012-08-01,4
ZMB,2012-09-01,2
ZMB,2012-10-01,4
ZMB,2012-11-01,1
ZMB,2012-12-01,4
ZMB,2013-01-01,3
ZMB,2013-02-01,2
ZMB,2013-03-01,3
ZMB,2013-04-01,3
ZMB,2013-05-01,5
ZMB,2013-06-01,5
ZMB,2013-07-01,7
ZMB,2013-08-01,0
ZMB,2013-09-01,3
ZMB,2013-10-01,7
ZMB,2013-11-01,2
ZMB,2013-12-01,0
ZMB,2014-01-01,1
ZMB,2014-02-01,10
ZMB,2014-03-01,2
ZMB,2014-04-01,3
ZMB,2014-05-01,4
ZMB,2014-06-01,5
ZMB,2014-07-01,2
ZMB,2014-08-01,8
ZMB,2014-09-01,1
ZMB,2014-10-01,0
ZMB,2014-11-01,6
ZMB,2014-12-01,3
ZMB,2015-01-01,12
ZMB,2015-02-01,4
ZMB,2015-03-01,0
ZMB,2015-04-01,2
ZMB,2015-05-01,1
ZMB,2015-06-01,3
ZMB,2015-07-01,4
ZMB,2015-08-01,0
ZMB,2015-09-01,4
ZMB,2015-10-01,3
ZMB,2015-11-01,9
ZMB,2015-12-01,5
ZMB,2016-01-01,5
ZMB,2016-02-01,0
ZMB,2016-03-01,3
ZMB,2016-04-01,4
ZMB,2016-05-01,8
ZMB,2016-06-01,14
ZMB,2016-07-01,8
ZMB,2016-08-01,6
ZMB,2016-09-01,0
ZMB,2016-10-01,2
ZMB,2016-11-01,1
ZMB,2016-12-01,1
ZMB,2017-01-01,0
ZMB,2017-02-01,0
ZMB,2017-03-01,1
ZMB,2017-04-01,2
ZMB,2017-05-01,1
ZMB,2017-06-01,0
ZMB,2017-07-01,2
ZMB,2017-08-01,3
ZMB,2017-09-01,1
ZMB,2017-10-01,1
ZMB,2017-11-01,0
ZMB,2017-12-01,3
ZMB,2018-01-01,2
ZMB,2018-02-01,1
ZMB,2018-03-01,2
ZMB,2018-04-01,3
ZMB,2018-05-01,7
ZMB,2018-06-01,0
ZMB,2018-07-01,1
ZMB,2018-08-01,4
ZMB,2018-09-01,2
ZMB,2018-10-01,3
ZMB,2018-11-01,2
ZMB,2018-12-01,2
ZMB,2019-01-01,4
ZMB,2019-02-01,3
ZMB,2019-03-01,2
ZMB,2019-04-01,1
ZMB,2019-05-01,0
ZMB,2019-06-01,0
ZMB,2019-07-01,2
ZMB,2019-08-01,1
ZMB,2019-09-01,1
ZMB,2019-10-01,2
ZMB,2019-11-01,2
ZMB,2019-12-01,4
ZMB,2020-01-01,9
ZMB,2020-02-01,30
ZMB,2020-03-01,1
ZMB,2020-04-01,2
ZMB,2020-05-01,0
ZMB,2020-06-01,0
ZMB,2020-07-01,6
ZMB,2020-08-01,3
ZMB,2020-09-01,10
ZMB,2020-10-01,11
ZMB,2020-11-01,4
ZMB,2020-12-01,4
ZMB,2021-01-01,1
ZMB,2021-02-01,2
ZMB,2021-03-01,2
ZMB,2021-04-01,1
ZMB,2021-05-01,4
ZMB,2021-06-01,12
ZMB,2021-07-01,14
ZMB,2021-08-01,17
ZMB,2021-09-01,5
ZMB,2021-10-01,4
ZMB,2021-11-01,5
ZMB,2021-12-01,8
ZMB,2022-01-01,5
ZMB,2022-02-01,8
ZMB,2022-03-01,2
ZMB,2022-04-01,3
ZMB,2022-05-01,1
ZMB,2022-06-01,3
ZMB,2022-07-01,1
ZMB,2022-08-01,1
ZMB,2022-09-01,3
ZMB,2022-10-01,3
ZMB,2022-11-01,5
ZMB,2022-12-01,3
ZMB,2023-01-01,7
ZMB,2023-02-01,1
ZMB,2023-03-01,3
ZMB,2023-04-01,8
ZMB,2023-05-01,1
ZMB,2023-06-01,2
ZMB,2023-07-01,2
ZMB,2023-08-01,2
ZMB,2023-09-01,2
ZMB,2023-10-01,5
ZMB,2023-11-01,3
ZMB,2023-12-01,1
ZMB,2024-01-01,3
ZMB,2024-02-01,1
ZMB,2024-03-01,3
ZMB,2024-04-01,1
ZMB,2024-09-01,1
ZMB,2024-12-01,1
